java_file,rust_file,target_crate,rust_type,capability,status,test_evidence,source_commit
easyexcel/src/main/java/com/alibaba/excel/Empty.java,easyexcel/src/support/empty.rs,easyexcel,empty,core,complete,easyexcel_core::empty::tests::root_and_support_empty_are_the_same_zero_sized_marker,3afdea9d
easyexcel-core/src/main/java/com/alibaba/excel/EasyExcel.java,easyexcel/src/easy_excel.rs,easyexcel,easy_excel,core,complete,easyexcel::tests::easy_excel_inherits_factory_entry_points_through_the_same_rust_type,3afdea9d
easyexcel-core/src/main/java/com/alibaba/excel/EasyExcelFactory.java,easyexcel/src/easy_excel_factory.rs,easyexcel,easy_excel_factory,core,complete,easyexcel::tests::easy_excel_factory_builds_all_unbound_sheet_and_table_overloads|easy_excel_factory_input_stream_uses_the_real_xlsx_reader_and_cleans_up|easy_excel_factory_input_stream_is_cleaned_when_analysis_fails|easy_excel_factory_detects_an_encrypted_xlsx_input_stream|easy_excel_factory_path_and_output_stream_builders_execute_real_writes,3afdea9d
easyexcel-core/src/main/java/com/alibaba/excel/ExcelReader.java,easyexcel/src/excel_reader.rs,easyexcel,excel_reader,core,complete,easyexcel_reader::excel_reader::tests::excel_reader_read_all_loads_csv_rows|excel_reader_read_processes_each_sheet_and_applies_sheet_parameters|excel_reader_read_rejects_an_empty_sheet_list_like_java|excel_reader_exposes_the_real_executor_and_java_lifecycle_aliases|excel_reader_csv_executor_reports_its_real_logical_sheet,3afdea9d
easyexcel-core/src/main/java/com/alibaba/excel/ExcelWriter.java,easyexcel/src/excel_writer.rs,easyexcel,excel_writer,core,in_progress,,3afdea9d
easyexcel-core/src/main/java/com/alibaba/excel/analysis/ExcelAnalyser.java,easyexcel/src/analysis/excel_analyser.rs,easyexcel,excel_analyser,read,complete,easyexcel_reader::analysis::excel_analyser_impl::tests::trait_analysis_dispatches_to_the_real_typed_executor|finish_is_idempotent|easyexcel_reader::excel_reader::tests::excel_reader_exposes_the_real_executor_and_java_lifecycle_aliases,3afdea9d
easyexcel-core/src/main/java/com/alibaba/excel/analysis/ExcelAnalyserImpl.java,easyexcel/src/analysis/excel_analyser_impl.rs,easyexcel,excel_analyser_impl,read,complete,easyexcel_reader::analysis::excel_analyser_impl::tests::choice_excel_executor_resolves_csv_extension|analysis_with_listener_delegates_to_read_csv|trait_analysis_dispatches_to_the_real_typed_executor|finish_is_idempotent|easyexcel::tests::easy_excel_factory_input_stream_uses_the_real_xlsx_reader_and_cleans_up|easy_excel_factory_input_stream_is_cleaned_when_analysis_fails|easyexcel_reader::read_cache::tests::disk_cache_reopens_the_tls_reader_when_the_cache_path_changes,3afdea9d
easyexcel-core/src/main/java/com/alibaba/excel/analysis/ExcelReadExecutor.java,easyexcel/src/analysis/excel_read_executor.rs,easyexcel,excel_read_executor,read,complete,easyexcel_reader::analysis::v07::xlsx_sax_analyser::tests::trait_execute_runs_the_real_xlsx_parser|easyexcel_reader::analysis::v03::xls_sax_analyser::tests::trait_execute_runs_the_real_xls_parser|easyexcel_reader::analysis::csv::csv_excel_read_executor::tests::trait_execute_runs_the_real_csv_parser,3afdea9d
easyexcel-core/src/main/java/com/alibaba/excel/analysis/csv/CsvExcelReadExecutor.java,easyexcel/src/analysis/csv/csv_excel_read_executor.rs,easyexcel,csv_excel_read_executor,read,complete,easyexcel_reader::analysis::csv::csv_excel_read_executor::tests::trait_execute_runs_the_real_csv_parser|unbound_executor_reports_a_real_configuration_error|easyexcel_reader::tests::csv_read_decodes_java_charset_names_and_strips_matching_bom|csv_read_uses_typed_lifecycle_single_sheet_selection_and_flexible_rows,3afdea9d
easyexcel-core/src/main/java/com/alibaba/excel/analysis/v03/IgnorableXlsRecordHandler.java,easyexcel/src/analysis/v03/ignorable_xls_record_handler.rs,easyexcel,ignorable_xls_record_handler,read,complete,easyexcel_reader::analysis::v03::xls_record_dispatcher::tests::selected_sheet_skips_ignorable_records_until_next_bof|support_predicate_skips_merge_when_not_requested,3afdea9d
easyexcel-core/src/main/java/com/alibaba/excel/analysis/v03/XlsListSheetListener.java,easyexcel/src/analysis/v03/xls_list_sheet_listener.rs,easyexcel,xls_list_sheet_listener,read,complete,easyexcel_reader::analysis::v03::xls_sax_analyser::tests::sheet_list_discovers_worksheet_names|list_xls_sheets_matches_analyser_sheet_list,3afdea9d
easyexcel-core/src/main/java/com/alibaba/excel/analysis/v03/XlsRecordHandler.java,easyexcel/src/analysis/v03/xls_record_handler.rs,easyexcel,xls_record_handler,read,complete,easyexcel_reader::analysis::v03::xls_record_dispatcher::tests::dispatches_number_to_real_handler_and_keeps_unknown_records_ignorable|easyexcel_reader::analysis::v03::xls_sax_analyser::tests::process_record_dispatches_number_handler,3afdea9d
easyexcel-core/src/main/java/com/alibaba/excel/analysis/v03/XlsSaxAnalyser.java,easyexcel/src/analysis/v03/xls_sax_analyser.rs,easyexcel,xls_sax_analyser,read,in_progress,easyexcel_reader::analysis::v03::xls_sax_analyser::tests::execute_walks_real_workbook_biff_records|process_record_dispatches_number_handler|trait_execute_runs_the_real_xls_parser,3afdea9d
easyexcel-core/src/main/java/com/alibaba/excel/analysis/v03/handlers/AbstractXlsRecordHandler.java,easyexcel/src/analysis/v03/handlers/abstract_xls_record_handler.rs,easyexcel,abstract_xls_record_handler,read,complete,easyexcel_reader::analysis::v03::xls_record_dispatcher::tests::dispatches_number_to_real_handler_and_keeps_unknown_records_ignorable,3afdea9d
easyexcel-core/src/main/java/com/alibaba/excel/analysis/v03/handlers/BlankRecordHandler.java,easyexcel/src/analysis/v03/handlers/blank_record_handler.rs,easyexcel,blank_record_handler,read,in_progress,,3afdea9d
easyexcel-core/src/main/java/com/alibaba/excel/analysis/v03/handlers/BofRecordHandler.java,easyexcel/src/analysis/v03/handlers/bof_record_handler.rs,easyexcel,bof_record_handler,read,in_progress,,3afdea9d
easyexcel-core/src/main/java/com/alibaba/excel/analysis/v03/handlers/BoolErrRecordHandler.java,easyexcel/src/analysis/v03/handlers/bool_err_record_handler.rs,easyexcel,bool_err_record_handler,read,in_progress,,3afdea9d
easyexcel-core/src/main/java/com/alibaba/excel/analysis/v03/handlers/BoundSheetRecordHandler.java,easyexcel/src/analysis/v03/handlers/bound_sheet_record_handler.rs,easyexcel,bound_sheet_record_handler,read,in_progress,,3afdea9d
easyexcel-core/src/main/java/com/alibaba/excel/analysis/v03/handlers/DummyRecordHandler.java,easyexcel/src/analysis/v03/handlers/dummy_record_handler.rs,easyexcel,dummy_record_handler,read,in_progress,,3afdea9d
easyexcel-core/src/main/java/com/alibaba/excel/analysis/v03/handlers/EofRecordHandler.java,easyexcel/src/analysis/v03/handlers/eof_record_handler.rs,easyexcel,eof_record_handler,read,in_progress,,3afdea9d
easyexcel-core/src/main/java/com/alibaba/excel/analysis/v03/handlers/FormulaRecordHandler.java,easyexcel/src/analysis/v03/handlers/formula_record_handler.rs,easyexcel,formula_record_handler,read,in_progress,easyexcel_reader::analysis::v03::handlers::formula_record_handler::tests::process_record_decodes_numeric_boolean_error_and_empty_results|easyexcel_reader::analysis::v03::xls_record_dispatcher::tests::formula_string_record_completes_pending_cached_result_across_continue,3afdea9d
easyexcel-core/src/main/java/com/alibaba/excel/analysis/v03/handlers/HyperlinkRecordHandler.java,easyexcel/src/analysis/v03/handlers/hyperlink_record_handler.rs,easyexcel,hyperlink_record_handler,read,in_progress,,3afdea9d
easyexcel-core/src/main/java/com/alibaba/excel/analysis/v03/handlers/IndexRecordHandler.java,easyexcel/src/analysis/v03/handlers/index_record_handler.rs,easyexcel,index_record_handler,read,in_progress,,3afdea9d
easyexcel-core/src/main/java/com/alibaba/excel/analysis/v03/handlers/LabelRecordHandler.java,easyexcel/src/analysis/v03/handlers/label_record_handler.rs,easyexcel,label_record_handler,read,in_progress,,3afdea9d
easyexcel-core/src/main/java/com/alibaba/excel/analysis/v03/handlers/LabelSstRecordHandler.java,easyexcel/src/analysis/v03/handlers/label_sst_record_handler.rs,easyexcel,label_sst_record_handler,read,in_progress,easyexcel_reader::analysis::v03::xls_record_dispatcher::tests::sst_continue_resolves_following_label_sst|easyexcel_reader::analysis::v03::handlers::label_sst_record_handler::tests::auto_trim_strips_whitespace,3afdea9d
easyexcel-core/src/main/java/com/alibaba/excel/analysis/v03/handlers/MergeCellsRecordHandler.java,easyexcel/src/analysis/v03/handlers/merge_cells_record_handler.rs,easyexcel,merge_cells_record_handler,read,in_progress,,3afdea9d
easyexcel-core/src/main/java/com/alibaba/excel/analysis/v03/handlers/NoteRecordHandler.java,easyexcel/src/analysis/v03/handlers/note_record_handler.rs,easyexcel,note_record_handler,read,in_progress,,3afdea9d
easyexcel-core/src/main/java/com/alibaba/excel/analysis/v03/handlers/NumberRecordHandler.java,easyexcel/src/analysis/v03/handlers/number_record_handler.rs,easyexcel,number_record_handler,read,in_progress,,3afdea9d
easyexcel-core/src/main/java/com/alibaba/excel/analysis/v03/handlers/ObjRecordHandler.java,easyexcel/src/analysis/v03/handlers/obj_record_handler.rs,easyexcel,obj_record_handler,read,in_progress,,3afdea9d
easyexcel-core/src/main/java/com/alibaba/excel/analysis/v03/handlers/RkRecordHandler.java,easyexcel/src/analysis/v03/handlers/rk_record_handler.rs,easyexcel,rk_record_handler,read,in_progress,,3afdea9d
easyexcel-core/src/main/java/com/alibaba/excel/analysis/v03/handlers/SstRecordHandler.java,easyexcel/src/analysis/v03/handlers/sst_record_handler.rs,easyexcel,sst_record_handler,read,in_progress,easyexcel_reader::analysis::v03::biff_string::tests::continuation_can_switch_character_width_mid_string|rich_runs_and_extensions_may_cross_record_boundaries|easyexcel_reader::analysis::v03::xls_sax_analyser::tests::execute_walks_real_workbook_biff_records,3afdea9d
easyexcel-core/src/main/java/com/alibaba/excel/analysis/v03/handlers/StringRecordHandler.java,easyexcel/src/analysis/v03/handlers/string_record_handler.rs,easyexcel,string_record_handler,read,in_progress,easyexcel_reader::analysis::v03::xls_record_dispatcher::tests::formula_string_record_completes_pending_cached_result_across_continue|finish_records_rejects_truncated_continuable_record,3afdea9d
easyexcel-core/src/main/java/com/alibaba/excel/analysis/v03/handlers/TextObjectRecordHandler.java,easyexcel/src/analysis/v03/handlers/text_object_record_handler.rs,easyexcel,text_object_record_handler,read,in_progress,,3afdea9d
easyexcel-core/src/main/java/com/alibaba/excel/analysis/v07/XlsxSaxAnalyser.java,easyexcel/src/analysis/v07/xlsx_sax_analyser.rs,easyexcel,xlsx_sax_analyser,read,in_progress,,3afdea9d
easyexcel-core/src/main/java/com/alibaba/excel/analysis/v07/handlers/AbstractCellValueTagHandler.java,easyexcel/src/analysis/v07/handlers/abstract_cell_value_tag_handler.rs,easyexcel,abstract_cell_value_tag_handler,read,in_progress,,3afdea9d
easyexcel-core/src/main/java/com/alibaba/excel/analysis/v07/handlers/AbstractXlsxTagHandler.java,easyexcel/src/analysis/v07/handlers/abstract_xlsx_tag_handler.rs,easyexcel,abstract_xlsx_tag_handler,read,in_progress,,3afdea9d
easyexcel-core/src/main/java/com/alibaba/excel/analysis/v07/handlers/CellFormulaTagHandler.java,easyexcel/src/analysis/v07/handlers/cell_formula_tag_handler.rs,easyexcel,cell_formula_tag_handler,read,in_progress,,3afdea9d
easyexcel-core/src/main/java/com/alibaba/excel/analysis/v07/handlers/CellInlineStringValueTagHandler.java,easyexcel/src/analysis/v07/handlers/cell_inline_string_value_tag_handler.rs,easyexcel,cell_inline_string_value_tag_handler,read,in_progress,,3afdea9d
easyexcel-core/src/main/java/com/alibaba/excel/analysis/v07/handlers/CellTagHandler.java,easyexcel/src/analysis/v07/handlers/cell_tag_handler.rs,easyexcel,cell_tag_handler,read,in_progress,,3afdea9d
easyexcel-core/src/main/java/com/alibaba/excel/analysis/v07/handlers/CellValueTagHandler.java,easyexcel/src/analysis/v07/handlers/cell_value_tag_handler.rs,easyexcel,cell_value_tag_handler,read,in_progress,,3afdea9d
easyexcel-core/src/main/java/com/alibaba/excel/analysis/v07/handlers/CountTagHandler.java,easyexcel/src/analysis/v07/handlers/count_tag_handler.rs,easyexcel,count_tag_handler,read,in_progress,,3afdea9d
easyexcel-core/src/main/java/com/alibaba/excel/analysis/v07/handlers/HyperlinkTagHandler.java,easyexcel/src/analysis/v07/handlers/hyperlink_tag_handler.rs,easyexcel,hyperlink_tag_handler,read,in_progress,,3afdea9d
easyexcel-core/src/main/java/com/alibaba/excel/analysis/v07/handlers/MergeCellTagHandler.java,easyexcel/src/analysis/v07/handlers/merge_cell_tag_handler.rs,easyexcel,merge_cell_tag_handler,read,in_progress,,3afdea9d
easyexcel-core/src/main/java/com/alibaba/excel/analysis/v07/handlers/RowTagHandler.java,easyexcel/src/analysis/v07/handlers/row_tag_handler.rs,easyexcel,row_tag_handler,read,in_progress,,3afdea9d
easyexcel-core/src/main/java/com/alibaba/excel/analysis/v07/handlers/XlsxTagHandler.java,easyexcel/src/analysis/v07/handlers/xlsx_tag_handler.rs,easyexcel,xlsx_tag_handler,read,in_progress,,3afdea9d
easyexcel-core/src/main/java/com/alibaba/excel/analysis/v07/handlers/sax/SharedStringsTableHandler.java,easyexcel/src/analysis/v07/handlers/sax/shared_strings_table_handler.rs,easyexcel,shared_strings_table_handler,read,in_progress,,3afdea9d
easyexcel-core/src/main/java/com/alibaba/excel/analysis/v07/handlers/sax/XlsxRowHandler.java,easyexcel/src/analysis/v07/handlers/sax/xlsx_row_handler.rs,easyexcel,xlsx_row_handler,read,in_progress,,3afdea9d
easyexcel-core/src/main/java/com/alibaba/excel/annotation/ExcelIgnore.java,crates/easyexcel-derive/src/annotation/excel_ignore.rs,easyexcel-derive,excel_ignore,annotation,complete,annotation_contract::exposes_all_java_annotation_metadata;annotation_mapping_tests::derive_applies_ignore_and_format_annotations_to_real_model_mapping,3afdea9d
easyexcel-core/src/main/java/com/alibaba/excel/annotation/ExcelIgnoreUnannotated.java,crates/easyexcel-derive/src/annotation/excel_ignore_unannotated.rs,easyexcel-derive,excel_ignore_unannotated,annotation,complete,annotation_contract::exposes_all_java_annotation_metadata,3afdea9d
easyexcel-core/src/main/java/com/alibaba/excel/annotation/ExcelProperty.java,crates/easyexcel-derive/src/annotation/excel_property.rs,easyexcel-derive,excel_property,annotation,complete,annotation_contract::exposes_all_java_annotation_metadata;annotation_mapping_tests::excel_property_value_writes_merges_and_reads_multi_level_head,3afdea9d
easyexcel-core/src/main/java/com/alibaba/excel/annotation/format/DateTimeFormat.java,crates/easyexcel-derive/src/annotation/format/date_time_format.rs,easyexcel-derive,date_time_format,annotation,complete,annotation_contract::exposes_all_java_annotation_metadata;annotation_mapping_tests::derive_applies_ignore_and_format_annotations_to_real_model_mapping,3afdea9d
easyexcel-core/src/main/java/com/alibaba/excel/annotation/format/NumberFormat.java,crates/easyexcel-derive/src/annotation/format/number_format.rs,easyexcel-derive,number_format,annotation,complete,annotation_contract::exposes_all_java_annotation_metadata;annotation_mapping_tests::derive_applies_ignore_and_format_annotations_to_real_model_mapping,3afdea9d
easyexcel-core/src/main/java/com/alibaba/excel/annotation/write/style/ColumnWidth.java,crates/easyexcel-derive/src/annotation/write/style/column_width.rs,easyexcel-derive,column_width,write,complete,annotation_contract::exposes_all_java_annotation_metadata,3afdea9d
easyexcel-core/src/main/java/com/alibaba/excel/annotation/write/style/ContentFontStyle.java,crates/easyexcel-derive/src/annotation/write/style/content_font_style.rs,easyexcel-derive,content_font_style,write,complete,annotation_contract::exposes_all_java_annotation_metadata,3afdea9d
easyexcel-core/src/main/java/com/alibaba/excel/annotation/write/style/ContentLoopMerge.java,crates/easyexcel-derive/src/annotation/write/style/content_loop_merge.rs,easyexcel-derive,content_loop_merge,write,complete,annotation_contract::exposes_all_java_annotation_metadata,3afdea9d
easyexcel-core/src/main/java/com/alibaba/excel/annotation/write/style/ContentRowHeight.java,crates/easyexcel-derive/src/annotation/write/style/content_row_height.rs,easyexcel-derive,content_row_height,write,complete,annotation_contract::exposes_all_java_annotation_metadata,3afdea9d
easyexcel-core/src/main/java/com/alibaba/excel/annotation/write/style/ContentStyle.java,crates/easyexcel-derive/src/annotation/write/style/content_style.rs,easyexcel-derive,content_style,write,complete,annotation_contract::exposes_all_java_annotation_metadata,3afdea9d
easyexcel-core/src/main/java/com/alibaba/excel/annotation/write/style/HeadFontStyle.java,crates/easyexcel-derive/src/annotation/write/style/head_font_style.rs,easyexcel-derive,head_font_style,write,complete,annotation_contract::exposes_all_java_annotation_metadata,3afdea9d
easyexcel-core/src/main/java/com/alibaba/excel/annotation/write/style/HeadRowHeight.java,crates/easyexcel-derive/src/annotation/write/style/head_row_height.rs,easyexcel-derive,head_row_height,write,complete,annotation_contract::exposes_all_java_annotation_metadata,3afdea9d
easyexcel-core/src/main/java/com/alibaba/excel/annotation/write/style/HeadStyle.java,crates/easyexcel-derive/src/annotation/write/style/head_style.rs,easyexcel-derive,head_style,write,complete,annotation_contract::exposes_all_java_annotation_metadata,3afdea9d
easyexcel-core/src/main/java/com/alibaba/excel/annotation/write/style/OnceAbsoluteMerge.java,crates/easyexcel-derive/src/annotation/write/style/once_absolute_merge.rs,easyexcel-derive,once_absolute_merge,write,complete,annotation_contract::exposes_all_java_annotation_metadata,3afdea9d
easyexcel-core/src/main/java/com/alibaba/excel/cache/Ehcache.java,easyexcel-cache/src/cache/shared_string_cache_policy.rs|easyexcel-cache/src/cache/shared_string_cache.rs|easyexcel/src/cache/read_cache.rs|easyexcel/src/cache/selector/,easyexcel-cache|easyexcel,SharedStringCachePolicy|SharedStringCacheHandle|ReadCache|ReadCacheSelector,cache/idiomatic_alternative,complete,,3afdea9d
easyexcel-core/src/main/java/com/alibaba/excel/cache/MapCache.java,easyexcel/src/cache/map_cache.rs,easyexcel,map_cache,core,in_progress,,3afdea9d
easyexcel-core/src/main/java/com/alibaba/excel/cache/ReadCache.java,easyexcel/src/cache/read_cache.rs,easyexcel,read_cache,core,in_progress,,3afdea9d
easyexcel-core/src/main/java/com/alibaba/excel/cache/XlsCache.java,easyexcel/src/cache/xls_cache.rs,easyexcel,xls_cache,core,in_progress,,3afdea9d
easyexcel-core/src/main/java/com/alibaba/excel/cache/selector/EternalReadCacheSelector.java,easyexcel/src/cache/selector/eternal_read_cache_selector.rs,easyexcel,eternal_read_cache_selector,core,in_progress,,3afdea9d
easyexcel-core/src/main/java/com/alibaba/excel/cache/selector/ReadCacheSelector.java,easyexcel/src/cache/selector/read_cache_selector.rs,easyexcel,read_cache_selector,core,in_progress,,3afdea9d
easyexcel-core/src/main/java/com/alibaba/excel/cache/selector/SimpleReadCacheSelector.java,easyexcel/src/cache/selector/simple_read_cache_selector.rs,easyexcel,simple_read_cache_selector,core,in_progress,,3afdea9d
easyexcel-core/src/main/java/com/alibaba/excel/constant/BuiltinFormats.java,easyexcel/src/constant/builtin_formats.rs,easyexcel,builtin_formats,core,in_progress,,3afdea9d
easyexcel-core/src/main/java/com/alibaba/excel/constant/EasyExcelConstants.java,easyexcel/src/constant/easy_excel_constants.rs,easyexcel,easy_excel_constants,core,in_progress,,3afdea9d
easyexcel-core/src/main/java/com/alibaba/excel/constant/ExcelXmlConstants.java,easyexcel/src/constant/excel_xml_constants.rs,easyexcel,excel_xml_constants,core,in_progress,,3afdea9d
easyexcel-core/src/main/java/com/alibaba/excel/constant/OrderConstant.java,easyexcel/src/constant/order_constant.rs,easyexcel,order_constant,core,in_progress,,3afdea9d
easyexcel-core/src/main/java/com/alibaba/excel/context/AnalysisContext.java,easyexcel/src/context/analysis_context.rs,easyexcel,analysis_context,core,in_progress,,3afdea9d
easyexcel-core/src/main/java/com/alibaba/excel/context/AnalysisContextImpl.java,easyexcel/src/context/analysis_context_impl.rs,easyexcel,analysis_context_impl,core,in_progress,,3afdea9d
easyexcel-core/src/main/java/com/alibaba/excel/context/WriteContext.java,easyexcel/src/context/write_context.rs,easyexcel,write_context,core,in_progress,write_context::tests::finish_write_context_dispatches_to_resource_owner;excel_builder::tests::excel_builder_impl_delegates_add_content_and_finish;easyexcel_writer::excel_builder::tests::live_current_write_holder_tracks_resolved_sheet_and_table_state;easyexcel_writer::excel_builder::tests::template_fill_updates_the_same_live_current_holder;easyexcel_writer::tests::table_holder_runs_supplementary_callbacks_then_own_parent_row_chain;easyexcel_writer::tests::live_holder_converter_map_matches_sheet_and_table_write_precedence,3afdea9d
easyexcel-core/src/main/java/com/alibaba/excel/context/WriteContextImpl.java,easyexcel/src/context/write_context_impl.rs,easyexcel,write_context_impl,core,in_progress,write_context::tests::finish_write_context_dispatches_to_resource_owner;excel_builder::tests::excel_builder_impl_delegates_add_content_and_finish;easyexcel_writer::excel_builder::tests::live_current_write_holder_tracks_resolved_sheet_and_table_state;easyexcel_writer::excel_builder::tests::template_fill_updates_the_same_live_current_holder,3afdea9d
easyexcel-core/src/main/java/com/alibaba/excel/context/csv/CsvReadContext.java,easyexcel/src/context/csv/csv_read_context.rs,easyexcel,csv_read_context,core,complete,easyexcel_reader::context::tests::format_contexts_expose_resolved_workbook_and_current_sheet_holders;easyexcel_reader::context::tests::typed_current_sheet_preserves_java_duplicate_read_error,3afdea9d
easyexcel-core/src/main/java/com/alibaba/excel/context/csv/DefaultCsvReadContext.java,easyexcel/src/context/csv/default_csv_read_context.rs,easyexcel,default_csv_read_context,core,complete,easyexcel_reader::context::tests::format_contexts_expose_resolved_workbook_and_current_sheet_holders;easyexcel_reader::context::tests::typed_current_sheet_preserves_java_duplicate_read_error,3afdea9d
easyexcel-core/src/main/java/com/alibaba/excel/context/xls/DefaultXlsReadContext.java,easyexcel/src/context/xls/default_xls_read_context.rs,easyexcel,default_xls_read_context,core,complete,easyexcel_reader::context::tests::format_contexts_expose_resolved_workbook_and_current_sheet_holders;easyexcel_reader::context::tests::typed_current_sheet_preserves_java_duplicate_read_error,3afdea9d
easyexcel-core/src/main/java/com/alibaba/excel/context/xls/XlsReadContext.java,easyexcel/src/context/xls/xls_read_context.rs,easyexcel,xls_read_context,core,complete,easyexcel_reader::context::tests::format_contexts_expose_resolved_workbook_and_current_sheet_holders;easyexcel_reader::context::tests::typed_current_sheet_preserves_java_duplicate_read_error,3afdea9d
easyexcel-core/src/main/java/com/alibaba/excel/context/xlsx/DefaultXlsxReadContext.java,easyexcel/src/context/xlsx/default_xlsx_read_context.rs,easyexcel,default_xlsx_read_context,core,complete,easyexcel_reader::context::tests::format_contexts_expose_resolved_workbook_and_current_sheet_holders;easyexcel_reader::context::tests::typed_current_sheet_preserves_java_duplicate_read_error,3afdea9d
easyexcel-core/src/main/java/com/alibaba/excel/context/xlsx/XlsxReadContext.java,easyexcel/src/context/xlsx/xlsx_read_context.rs,easyexcel,xlsx_read_context,core,complete,easyexcel_reader::context::tests::format_contexts_expose_resolved_workbook_and_current_sheet_holders;easyexcel_reader::context::tests::typed_current_sheet_preserves_java_duplicate_read_error,3afdea9d
easyexcel-core/src/main/java/com/alibaba/excel/converters/AutoConverter.java,easyexcel/src/converters/auto_converter.rs,easyexcel,auto_converter,converter,complete,easyexcel_core::converter::auto_converter::tests::auto_converter_is_a_non_invokable_type_lookup_sentinel,3afdea9d
easyexcel-core/src/main/java/com/alibaba/excel/converters/Converter.java,easyexcel/src/converters/converter.rs,easyexcel,converter,converter,complete,round_trip::converter_write_cell_data_style_reaches_xlsx_xls_csv_and_template_backends;nullable_converter_tests::derive_and_facade_apply_java_nullable_converter_gate_end_to_end,3afdea9d
easyexcel-core/src/main/java/com/alibaba/excel/converters/ConverterKeyBuild.java,easyexcel/src/converters/converter_key_build.rs,easyexcel,converter_key_build,converter,complete,easyexcel_core::converter::converter_key_build::tests::converter_key_uses_both_rust_and_excel_types;easyexcel_writer::tests::csv_uses_java_target_string_converter_before_cell_handlers,3afdea9d
easyexcel-core/src/main/java/com/alibaba/excel/converters/DefaultConverterLoader.java,easyexcel/src/converters/default_converter_loader.rs,easyexcel,default_converter_loader,converter,complete,easyexcel_core::converter::default_converter_loader::tests::default_write_registry_contains_real_scalar_converters;easyexcel_core::converter::default_converter_loader::tests::default_read_registry_dispatches_by_target_and_cell_type;easyexcel::tests::registered_write_converter_uses_latest_registration_and_field_precedence;easyexcel::tests::registered_read_converter_uses_latest_registration_and_field_precedence;easyexcel_writer::tests::stateless_xlsx_and_xls_materialize_default_write_converters;round_trip::default_registry_writes_type_erased_input_stream_as_image,3afdea9d
easyexcel-core/src/main/java/com/alibaba/excel/converters/NullableObjectConverter.java,easyexcel/src/converters/nullable_object_converter.rs,easyexcel,nullable_object_converter,converter,complete,easyexcel_core::converter_registry::tests::empty_read_invokes_only_nullable_object_converter;easyexcel_core::converter_registry::tests::absent_option_write_invokes_only_nullable_object_converter;nullable_converter_tests::derive_and_facade_apply_java_nullable_converter_gate_end_to_end,3afdea9d
easyexcel-core/src/main/java/com/alibaba/excel/converters/ReadConverterContext.java,easyexcel/src/converters/read_converter_context.rs,easyexcel,read_converter_context,converter,complete,easyexcel_core::converter_registry::tests::empty_read_invokes_only_nullable_object_converter;number_format_converter_tests::xlsx_model_mapping_uses_source_display_and_error_converters_end_to_end,3afdea9d
easyexcel-core/src/main/java/com/alibaba/excel/converters/WriteConverterContext.java,easyexcel/src/converters/write_converter_context.rs,easyexcel,write_converter_context,converter,complete,easyexcel_core::converter_registry::tests::absent_option_write_invokes_only_nullable_object_converter;nullable_converter_tests::derive_and_facade_apply_java_nullable_converter_gate_end_to_end,3afdea9d
easyexcel-core/src/main/java/com/alibaba/excel/converters/bigdecimal/BigDecimalBooleanConverter.java,easyexcel/src/converters/bigdecimal/big_decimal_boolean_converter.rs,easyexcel,big_decimal_boolean_converter,converter,complete,easyexcel_core::converter::boolean_support::tests::scalar_boolean_converters_use_exact_java_zero_one_rules,3afdea9d
easyexcel-core/src/main/java/com/alibaba/excel/converters/bigdecimal/BigDecimalNumberConverter.java,easyexcel/src/converters/bigdecimal/big_decimal_number_converter.rs,easyexcel,big_decimal_number_converter,converter,complete,easyexcel_core::converter::number_support::tests::number_converters_match_java_big_decimal_accessors;easyexcel_core::converter::number_support::tests::number_converters_write_decimal_cells_and_preserve_number_format,3afdea9d
easyexcel-core/src/main/java/com/alibaba/excel/converters/bigdecimal/BigDecimalStringConverter.java,easyexcel/src/converters/bigdecimal/big_decimal_string_converter.rs,easyexcel,big_decimal_string_converter,converter,complete,easyexcel_core::converter::number_support::tests::string_number_converters_cover_all_java_numeric_types_and_wrapping;easyexcel_core::converter::number_support::tests::string_number_converters_match_decimal_format_and_rounding_modes,3afdea9d
easyexcel-core/src/main/java/com/alibaba/excel/converters/biginteger/BigIntegerBooleanConverter.java,easyexcel/src/converters/biginteger/big_integer_boolean_converter.rs,easyexcel,big_integer_boolean_converter,converter,complete,easyexcel_core::converter::boolean_support::tests::scalar_boolean_converters_use_exact_java_zero_one_rules,3afdea9d
easyexcel-core/src/main/java/com/alibaba/excel/converters/biginteger/BigIntegerNumberConverter.java,easyexcel/src/converters/biginteger/big_integer_number_converter.rs,easyexcel,big_integer_number_converter,converter,complete,easyexcel_core::converter::number_support::tests::number_converters_match_java_big_decimal_accessors;easyexcel_core::converter::number_support::tests::number_converters_write_decimal_cells_and_preserve_number_format,3afdea9d
easyexcel-core/src/main/java/com/alibaba/excel/converters/biginteger/BigIntegerStringConverter.java,easyexcel/src/converters/biginteger/big_integer_string_converter.rs,easyexcel,big_integer_string_converter,converter,complete,easyexcel_core::converter::number_support::tests::string_number_converters_cover_all_java_numeric_types_and_wrapping;easyexcel_core::util::number_utils::tests::decimal_format_matches_java_golden_patterns,3afdea9d
easyexcel-core/src/main/java/com/alibaba/excel/converters/booleanconverter/BooleanBooleanConverter.java,easyexcel/src/converters/booleanconverter/boolean_boolean_converter.rs,easyexcel,boolean_boolean_converter,converter,complete,easyexcel_core::converter::boolean_support::tests::boolean_number_and_string_converters_match_java_value_of,3afdea9d
easyexcel-core/src/main/java/com/alibaba/excel/converters/booleanconverter/BooleanNumberConverter.java,easyexcel/src/converters/booleanconverter/boolean_number_converter.rs,easyexcel,boolean_number_converter,converter,complete,easyexcel_core::converter::boolean_support::tests::boolean_number_and_string_converters_match_java_value_of;easyexcel_core::converter::default_converter_loader::tests::default_read_registry_dispatches_by_target_and_cell_type,3afdea9d
easyexcel-core/src/main/java/com/alibaba/excel/converters/booleanconverter/BooleanStringConverter.java,easyexcel/src/converters/booleanconverter/boolean_string_converter.rs,easyexcel,boolean_string_converter,converter,complete,easyexcel_core::converter::boolean_support::tests::boolean_number_and_string_converters_match_java_value_of;easyexcel_core::converter::default_converter_loader::tests::default_read_registry_dispatches_by_target_and_cell_type,3afdea9d
easyexcel-core/src/main/java/com/alibaba/excel/converters/bytearray/BoxingByteArrayImageConverter.java,easyexcel/src/converters/bytearray/boxing_byte_array_image_converter.rs,easyexcel,boxing_byte_array_image_converter,converter,complete,easyexcel_core::converter::default_converter_loader::tests::default_write_registry_contains_real_scalar_converters;round_trip::derive_uses_java_style_byte_array_and_file_image_converters,3afdea9d
easyexcel-core/src/main/java/com/alibaba/excel/converters/bytearray/ByteArrayImageConverter.java,easyexcel/src/converters/bytearray/byte_array_image_converter.rs,easyexcel,byte_array_image_converter,converter,complete,easyexcel_core::converter::default_converter_loader::tests::default_write_registry_contains_real_scalar_converters;round_trip::derive_uses_java_style_byte_array_and_file_image_converters,3afdea9d
easyexcel-core/src/main/java/com/alibaba/excel/converters/byteconverter/ByteBooleanConverter.java,easyexcel/src/converters/byteconverter/byte_boolean_converter.rs,easyexcel,byte_boolean_converter,converter,complete,easyexcel_core::converter::boolean_support::tests::scalar_boolean_converters_use_exact_java_zero_one_rules,3afdea9d
easyexcel-core/src/main/java/com/alibaba/excel/converters/byteconverter/ByteNumberConverter.java,easyexcel/src/converters/byteconverter/byte_number_converter.rs,easyexcel,byte_number_converter,converter,complete,easyexcel_core::converter::number_support::tests::number_converters_match_java_big_decimal_accessors,3afdea9d
easyexcel-core/src/main/java/com/alibaba/excel/converters/byteconverter/ByteStringConverter.java,easyexcel/src/converters/byteconverter/byte_string_converter.rs,easyexcel,byte_string_converter,converter,complete,easyexcel_core::converter::number_support::tests::string_number_converters_cover_all_java_numeric_types_and_wrapping,3afdea9d
easyexcel-core/src/main/java/com/alibaba/excel/converters/date/DateDateConverter.java,easyexcel/src/converters/date/date_date_converter.rs,easyexcel,date_date_converter,converter,complete,easyexcel_core::converter::date_support::tests::date_cell_converters_attach_java_default_data_formats;java_date_converter_tests::java_date_and_local_date_time_default_converters_coexist_end_to_end,3afdea9d
easyexcel-core/src/main/java/com/alibaba/excel/converters/date/DateNumberConverter.java,easyexcel/src/converters/date/date_number_converter.rs,easyexcel,date_number_converter,converter,complete,easyexcel_core::converter::date_support::tests::number_converters_are_real_bidirectional_java_equivalents;easyexcel_core::converter::default_converter_loader::tests::default_read_registry_dispatches_by_target_and_cell_type;java_date_converter_tests::java_date_and_local_date_time_default_converters_coexist_end_to_end,3afdea9d
easyexcel-core/src/main/java/com/alibaba/excel/converters/date/DateStringConverter.java,easyexcel/src/converters/date/date_string_converter.rs,easyexcel,date_string_converter,converter,complete,easyexcel_core::converter::date_support::tests::string_converters_honor_field_format_and_reject_invalid_input;easyexcel_core::converter::default_converter_loader::tests::default_write_registry_contains_real_scalar_converters;java_date_converter_tests::java_date_and_local_date_time_default_converters_coexist_end_to_end,3afdea9d
easyexcel-core/src/main/java/com/alibaba/excel/converters/doubleconverter/DoubleBooleanConverter.java,easyexcel/src/converters/doubleconverter/double_boolean_converter.rs,easyexcel,double_boolean_converter,converter,complete,easyexcel_core::converter::boolean_support::tests::scalar_boolean_converters_use_exact_java_zero_one_rules,3afdea9d
easyexcel-core/src/main/java/com/alibaba/excel/converters/doubleconverter/DoubleNumberConverter.java,easyexcel/src/converters/doubleconverter/double_number_converter.rs,easyexcel,double_number_converter,converter,complete,easyexcel_core::converter::number_support::tests::number_converters_match_java_big_decimal_accessors;easyexcel_core::converter::number_support::tests::number_converters_reject_non_number_sources_and_non_finite_writes,3afdea9d
easyexcel-core/src/main/java/com/alibaba/excel/converters/doubleconverter/DoubleStringConverter.java,easyexcel/src/converters/doubleconverter/double_string_converter.rs,easyexcel,double_string_converter,converter,complete,easyexcel_core::converter::number_support::tests::floating_string_converters_match_java_to_string_and_special_values;easyexcel_core::converter::default_converter_loader::tests::default_write_registry_contains_real_scalar_converters,3afdea9d
easyexcel-core/src/main/java/com/alibaba/excel/converters/file/FileImageConverter.java,easyexcel/src/converters/file/file_image_converter.rs,easyexcel,file_image_converter,converter,complete,easyexcel_core::converter::default_converter_loader::tests::default_write_registry_contains_real_scalar_converters;round_trip::derive_uses_java_style_byte_array_and_file_image_converters,3afdea9d
easyexcel-core/src/main/java/com/alibaba/excel/converters/floatconverter/FloatBooleanConverter.java,easyexcel/src/converters/floatconverter/float_boolean_converter.rs,easyexcel,float_boolean_converter,converter,complete,easyexcel_core::converter::boolean_support::tests::scalar_boolean_converters_use_exact_java_zero_one_rules,3afdea9d
easyexcel-core/src/main/java/com/alibaba/excel/converters/floatconverter/FloatNumberConverter.java,easyexcel/src/converters/floatconverter/float_number_converter.rs,easyexcel,float_number_converter,converter,complete,easyexcel_core::converter::number_support::tests::number_converters_match_java_big_decimal_accessors,3afdea9d
easyexcel-core/src/main/java/com/alibaba/excel/converters/floatconverter/FloatStringConverter.java,easyexcel/src/converters/floatconverter/float_string_converter.rs,easyexcel,float_string_converter,converter,complete,easyexcel_core::converter::number_support::tests::floating_string_converters_match_java_to_string_and_special_values,3afdea9d
easyexcel-core/src/main/java/com/alibaba/excel/converters/inputstream/InputStreamImageConverter.java,easyexcel/src/converters/inputstream/input_stream_image_converter.rs,easyexcel,input_stream_image_converter,converter,complete,round_trip::derive_uses_java_style_input_stream_and_url_image_converters,3afdea9d
easyexcel-core/src/main/java/com/alibaba/excel/converters/integer/IntegerBooleanConverter.java,easyexcel/src/converters/integer/integer_boolean_converter.rs,easyexcel,integer_boolean_converter,converter,complete,easyexcel_core::converter::boolean_support::tests::scalar_boolean_converters_use_exact_java_zero_one_rules,3afdea9d
easyexcel-core/src/main/java/com/alibaba/excel/converters/integer/IntegerNumberConverter.java,easyexcel/src/converters/integer/integer_number_converter.rs,easyexcel,integer_number_converter,converter,complete,easyexcel_core::converter::number_support::tests::number_converters_match_java_big_decimal_accessors;easyexcel_core::converter::default_converter_loader::tests::default_read_registry_dispatches_by_target_and_cell_type,3afdea9d
easyexcel-core/src/main/java/com/alibaba/excel/converters/integer/IntegerStringConverter.java,easyexcel/src/converters/integer/integer_string_converter.rs,easyexcel,integer_string_converter,converter,complete,easyexcel_core::converter::number_support::tests::string_number_converters_cover_all_java_numeric_types_and_wrapping;easyexcel_core::converter::default_converter_loader::tests::default_read_registry_dispatches_by_target_and_cell_type,3afdea9d
easyexcel-core/src/main/java/com/alibaba/excel/converters/localdate/LocalDateDateConverter.java,easyexcel/src/converters/localdate/local_date_date_converter.rs,easyexcel,local_date_date_converter,converter,complete,easyexcel_core::converter::date_support::tests::date_cell_converters_attach_java_default_data_formats,3afdea9d
easyexcel-core/src/main/java/com/alibaba/excel/converters/localdate/LocalDateNumberConverter.java,easyexcel/src/converters/localdate/local_date_number_converter.rs,easyexcel,local_date_number_converter,converter,complete,easyexcel_core::converter::date_support::tests::number_converters_are_real_bidirectional_java_equivalents;easyexcel_core::converter::default_converter_loader::tests::default_read_registry_dispatches_by_target_and_cell_type;easyexcel::tests::facade_applies_1904_windowing_to_numeric_date_converters,3afdea9d
easyexcel-core/src/main/java/com/alibaba/excel/converters/localdate/LocalDateStringConverter.java,easyexcel/src/converters/localdate/local_date_string_converter.rs,easyexcel,local_date_string_converter,converter,complete,easyexcel_core::converter::date_support::tests::string_converters_honor_field_format_and_reject_invalid_input,3afdea9d
easyexcel-core/src/main/java/com/alibaba/excel/converters/localdatetime/LocalDateTimeDateConverter.java,easyexcel/src/converters/localdatetime/local_date_time_date_converter.rs,easyexcel,local_date_time_date_converter,converter,complete,easyexcel_core::converter::date_support::tests::date_cell_converters_attach_java_default_data_formats,3afdea9d
easyexcel-core/src/main/java/com/alibaba/excel/converters/localdatetime/LocalDateTimeNumberConverter.java,easyexcel/src/converters/localdatetime/local_date_time_number_converter.rs,easyexcel,local_date_time_number_converter,converter,complete,easyexcel_core::converter::date_support::tests::number_converters_are_real_bidirectional_java_equivalents;easyexcel_core::converter::default_converter_loader::tests::default_read_registry_dispatches_by_target_and_cell_type;easyexcel::tests::facade_applies_1904_windowing_to_numeric_date_converters,3afdea9d
easyexcel-core/src/main/java/com/alibaba/excel/converters/localdatetime/LocalDateTimeStringConverter.java,easyexcel/src/converters/localdatetime/local_date_time_string_converter.rs,easyexcel,local_date_time_string_converter,converter,complete,easyexcel_core::converter::date_support::tests::string_converters_honor_field_format_and_reject_invalid_input,3afdea9d
easyexcel-core/src/main/java/com/alibaba/excel/converters/longconverter/LongBooleanConverter.java,easyexcel/src/converters/longconverter/long_boolean_converter.rs,easyexcel,long_boolean_converter,converter,complete,easyexcel_core::converter::boolean_support::tests::scalar_boolean_converters_use_exact_java_zero_one_rules,3afdea9d
easyexcel-core/src/main/java/com/alibaba/excel/converters/longconverter/LongNumberConverter.java,easyexcel/src/converters/longconverter/long_number_converter.rs,easyexcel,long_number_converter,converter,complete,easyexcel_core::converter::number_support::tests::number_converters_match_java_big_decimal_accessors,3afdea9d
easyexcel-core/src/main/java/com/alibaba/excel/converters/longconverter/LongStringConverter.java,easyexcel/src/converters/longconverter/long_string_converter.rs,easyexcel,long_string_converter,converter,complete,easyexcel_core::converter::number_support::tests::string_number_converters_cover_all_java_numeric_types_and_wrapping,3afdea9d
easyexcel-core/src/main/java/com/alibaba/excel/converters/shortconverter/ShortBooleanConverter.java,easyexcel/src/converters/shortconverter/short_boolean_converter.rs,easyexcel,short_boolean_converter,converter,complete,easyexcel_core::converter::boolean_support::tests::scalar_boolean_converters_use_exact_java_zero_one_rules,3afdea9d
easyexcel-core/src/main/java/com/alibaba/excel/converters/shortconverter/ShortNumberConverter.java,easyexcel/src/converters/shortconverter/short_number_converter.rs,easyexcel,short_number_converter,converter,complete,easyexcel_core::converter::number_support::tests::number_converters_match_java_big_decimal_accessors,3afdea9d
easyexcel-core/src/main/java/com/alibaba/excel/converters/shortconverter/ShortStringConverter.java,easyexcel/src/converters/shortconverter/short_string_converter.rs,easyexcel,short_string_converter,converter,complete,easyexcel_core::converter::number_support::tests::string_number_converters_cover_all_java_numeric_types_and_wrapping,3afdea9d
easyexcel-core/src/main/java/com/alibaba/excel/converters/string/StringBooleanConverter.java,easyexcel/src/converters/string/string_boolean_converter.rs,easyexcel,string_boolean_converter,converter,complete,easyexcel_core::converter::boolean_support::tests::string_boolean_converter_is_bidirectional_and_registered_by_boolean_source,3afdea9d
easyexcel-core/src/main/java/com/alibaba/excel/converters/string/StringErrorConverter.java,easyexcel/src/converters/string/string_error_converter.rs,easyexcel,string_error_converter,converter,complete,easyexcel_core::converter::default_converter_loader::tests::default_read_registry_dispatches_by_target_and_cell_type;number_format_converter_tests::xlsx_model_mapping_uses_source_display_and_error_converters_end_to_end,3afdea9d
easyexcel-core/src/main/java/com/alibaba/excel/converters/string/StringImageConverter.java,easyexcel/src/converters/string/string_image_converter.rs,easyexcel,string_image_converter,converter,complete,easyexcel_core::tests::string_image_converter_read_error;round_trip::derive_uses_java_style_byte_array_and_file_image_converters,3afdea9d
easyexcel-core/src/main/java/com/alibaba/excel/converters/string/StringNumberConverter.java,easyexcel/src/converters/string/string_number_converter.rs,easyexcel,string_number_converter,converter,complete,easyexcel_core::converter::string::string_number_converter::tests::reads_explicit_formats_and_source_display_without_losing_decimal_scale;easyexcel_core::converter::string::string_number_converter::tests::writes_strict_big_decimal_number_cell;number_format_converter_tests::xlsx_model_mapping_uses_source_display_and_error_converters_end_to_end,3afdea9d
easyexcel-core/src/main/java/com/alibaba/excel/converters/string/StringStringConverter.java,easyexcel/src/converters/string/string_string_converter.rs,easyexcel,string_string_converter,converter,complete,easyexcel_core::converter::default_converter_loader::tests::default_write_registry_contains_real_scalar_converters;easyexcel_core::converter::default_converter_loader::tests::default_read_registry_dispatches_by_target_and_cell_type,3afdea9d
easyexcel-core/src/main/java/com/alibaba/excel/converters/url/UrlImageConverter.java,easyexcel/src/converters/url/url_image_converter.rs,easyexcel,url_image_converter,converter,complete,easyexcel_core::tests::url_image_converter_timeouts;easyexcel_core::tests::url_image_converter_invalid_url;round_trip::derive_uses_java_style_input_stream_and_url_image_converters,3afdea9d
easyexcel-core/src/main/java/com/alibaba/excel/enums/BooleanEnum.java,easyexcel/src/enums/boolean_enum.rs,easyexcel,boolean_enum,core,in_progress,,3afdea9d
easyexcel-core/src/main/java/com/alibaba/excel/enums/ByteOrderMarkEnum.java,easyexcel/src/enums/byte_order_mark_enum.rs,easyexcel,byte_order_mark_enum,core,in_progress,,3afdea9d
easyexcel-core/src/main/java/com/alibaba/excel/enums/CacheLocationEnum.java,easyexcel/src/enums/cache_location_enum.rs,easyexcel,cache_location_enum,core,in_progress,,3afdea9d
easyexcel-core/src/main/java/com/alibaba/excel/enums/CellDataTypeEnum.java,easyexcel/src/enums/cell_data_type_enum.rs,easyexcel,cell_data_type_enum,core,in_progress,,3afdea9d
easyexcel-core/src/main/java/com/alibaba/excel/enums/CellExtraTypeEnum.java,easyexcel/src/enums/cell_extra_type_enum.rs,easyexcel,cell_extra_type_enum,core,in_progress,,3afdea9d
easyexcel-core/src/main/java/com/alibaba/excel/enums/HeadKindEnum.java,easyexcel/src/enums/head_kind_enum.rs,easyexcel,head_kind_enum,core,in_progress,,3afdea9d
easyexcel-core/src/main/java/com/alibaba/excel/enums/HolderEnum.java,easyexcel/src/enums/holder_enum.rs,easyexcel,holder_enum,core,in_progress,,3afdea9d
easyexcel-core/src/main/java/com/alibaba/excel/enums/NumericCellTypeEnum.java,easyexcel/src/enums/numeric_cell_type_enum.rs,easyexcel,numeric_cell_type_enum,core,in_progress,,3afdea9d
easyexcel-core/src/main/java/com/alibaba/excel/enums/ReadDefaultReturnEnum.java,easyexcel/src/enums/read_default_return_enum.rs,easyexcel,read_default_return_enum,core,in_progress,,3afdea9d
easyexcel-core/src/main/java/com/alibaba/excel/enums/RowTypeEnum.java,easyexcel/src/enums/row_type_enum.rs,easyexcel,row_type_enum,core,in_progress,,3afdea9d
easyexcel-core/src/main/java/com/alibaba/excel/enums/WriteDirectionEnum.java,easyexcel/src/enums/write_direction_enum.rs,easyexcel,write_direction_enum,core,in_progress,,3afdea9d
easyexcel-core/src/main/java/com/alibaba/excel/enums/WriteLastRowTypeEnum.java,easyexcel/src/enums/write_last_row_type_enum.rs,easyexcel,write_last_row_type_enum,core,in_progress,,3afdea9d
easyexcel-core/src/main/java/com/alibaba/excel/enums/WriteTemplateAnalysisCellTypeEnum.java,easyexcel/src/enums/write_template_analysis_cell_type_enum.rs,easyexcel,write_template_analysis_cell_type_enum,core,in_progress,,3afdea9d
easyexcel-core/src/main/java/com/alibaba/excel/enums/WriteTypeEnum.java,easyexcel/src/enums/write_type_enum.rs,easyexcel,write_type_enum,core,in_progress,,3afdea9d
easyexcel-core/src/main/java/com/alibaba/excel/enums/poi/BorderStyleEnum.java,easyexcel/src/enums/poi/border_style_enum.rs,easyexcel,border_style_enum,core,in_progress,,3afdea9d
easyexcel-core/src/main/java/com/alibaba/excel/enums/poi/FillPatternTypeEnum.java,easyexcel/src/enums/poi/fill_pattern_type_enum.rs,easyexcel,fill_pattern_type_enum,core,in_progress,,3afdea9d
easyexcel-core/src/main/java/com/alibaba/excel/enums/poi/HorizontalAlignmentEnum.java,easyexcel/src/enums/poi/horizontal_alignment_enum.rs,easyexcel,horizontal_alignment_enum,core,in_progress,,3afdea9d
easyexcel-core/src/main/java/com/alibaba/excel/enums/poi/VerticalAlignmentEnum.java,easyexcel/src/enums/poi/vertical_alignment_enum.rs,easyexcel,vertical_alignment_enum,core,in_progress,,3afdea9d
easyexcel-core/src/main/java/com/alibaba/excel/event/AbstractIgnoreExceptionReadListener.java,easyexcel/src/event/abstract_ignore_exception_read_listener.rs,easyexcel,abstract_ignore_exception_read_listener,core,in_progress,,3afdea9d
easyexcel-core/src/main/java/com/alibaba/excel/event/AnalysisEventListener.java,easyexcel/src/event/analysis_event_listener.rs,easyexcel,analysis_event_listener,core,in_progress,,3afdea9d
easyexcel-core/src/main/java/com/alibaba/excel/event/Handler.java,easyexcel/src/event/handler.rs,easyexcel,handler,core,in_progress,,3afdea9d
easyexcel-core/src/main/java/com/alibaba/excel/event/Listener.java,easyexcel/src/event/listener.rs,easyexcel,listener,core,in_progress,,3afdea9d
easyexcel-core/src/main/java/com/alibaba/excel/event/NotRepeatExecutor.java,easyexcel/src/event/not_repeat_executor.rs,easyexcel,not_repeat_executor,core,in_progress,easyexcel_writer::write::builder::excel_writer_builder::tests::duplicate_handlers_execute_only_the_lowest_order_instance;easyexcel_writer::tests::holder_handler_scope_deduplicates_effective_chain_but_runs_each_own_chain,3afdea9d
easyexcel-core/src/main/java/com/alibaba/excel/event/Order.java,easyexcel/src/event/order.rs,easyexcel,order,core,in_progress,,3afdea9d
easyexcel-core/src/main/java/com/alibaba/excel/event/SyncReadListener.java,easyexcel/src/event/sync_read_listener.rs,easyexcel,sync_read_listener,core,in_progress,,3afdea9d
easyexcel-core/src/main/java/com/alibaba/excel/exception/ExcelAnalysisException.java,easyexcel/src/exception/excel_analysis_exception.rs,easyexcel,excel_analysis_exception,core,in_progress,,3afdea9d
easyexcel-core/src/main/java/com/alibaba/excel/exception/ExcelAnalysisStopException.java,easyexcel/src/exception/excel_analysis_stop_exception.rs,easyexcel,excel_analysis_stop_exception,core,in_progress,,3afdea9d
easyexcel-core/src/main/java/com/alibaba/excel/exception/ExcelAnalysisStopSheetException.java,easyexcel/src/exception/excel_analysis_stop_sheet_exception.rs,easyexcel,excel_analysis_stop_sheet_exception,core,in_progress,,3afdea9d
easyexcel-core/src/main/java/com/alibaba/excel/exception/ExcelCommonException.java,easyexcel/src/exception/excel_common_exception.rs,easyexcel,excel_common_exception,core,in_progress,,3afdea9d
easyexcel-core/src/main/java/com/alibaba/excel/exception/ExcelDataConvertException.java,easyexcel/src/exception/excel_data_convert_exception.rs,easyexcel,excel_data_convert_exception,core,in_progress,easyexcel::tests::write_converter_errors_report_physical_sheet_row_column_and_field,3afdea9d
easyexcel-core/src/main/java/com/alibaba/excel/exception/ExcelGenerateException.java,easyexcel/src/exception/excel_generate_exception.rs,easyexcel,excel_generate_exception,core,in_progress,,3afdea9d
easyexcel-core/src/main/java/com/alibaba/excel/exception/ExcelRuntimeException.java,easyexcel/src/exception/excel_runtime_exception.rs,easyexcel,excel_runtime_exception,core,in_progress,,3afdea9d
easyexcel-core/src/main/java/com/alibaba/excel/exception/ExcelWriteDataConvertException.java,easyexcel/src/exception/excel_write_data_convert_exception.rs,easyexcel,excel_write_data_convert_exception,core,in_progress,easyexcel::tests::write_converter_errors_report_physical_sheet_row_column_and_field,3afdea9d
easyexcel-core/src/main/java/com/alibaba/excel/metadata/AbstractCell.java,easyexcel/src/metadata/abstract_cell.rs,easyexcel,abstract_cell,core,in_progress,,3afdea9d
easyexcel-core/src/main/java/com/alibaba/excel/metadata/AbstractHolder.java,easyexcel/src/metadata/abstract_holder.rs,easyexcel,abstract_holder,core,in_progress,,3afdea9d
easyexcel-core/src/main/java/com/alibaba/excel/metadata/AbstractParameterBuilder.java,easyexcel/src/metadata/abstract_parameter_builder.rs,easyexcel,abstract_parameter_builder,core,in_progress,,3afdea9d
easyexcel-core/src/main/java/com/alibaba/excel/metadata/BasicParameter.java,easyexcel/src/metadata/basic_parameter.rs,easyexcel,basic_parameter,core,in_progress,,3afdea9d
easyexcel-core/src/main/java/com/alibaba/excel/metadata/Cell.java,easyexcel/src/metadata/cell.rs,easyexcel,cell,core,in_progress,easyexcel_core::write_backend_handle::tests::logical_handles_record_mutations_without_fake_backend_objects + easyexcel_writer::tests::logical_row_and_cell_handles_commit_real_backend_mutations,3afdea9d
easyexcel-core/src/main/java/com/alibaba/excel/metadata/CellExtra.java,easyexcel/src/metadata/cell_extra.rs,easyexcel,cell_extra,core,in_progress,,3afdea9d
easyexcel-core/src/main/java/com/alibaba/excel/metadata/CellRange.java,easyexcel/src/metadata/cell_range.rs,easyexcel,cell_range,core,in_progress,,3afdea9d
easyexcel-core/src/main/java/com/alibaba/excel/metadata/ConfigurationHolder.java,easyexcel/src/metadata/configuration_holder.rs,easyexcel,configuration_holder,core,in_progress,easyexcel_writer::holder::abstract_write_holder::tests::converter_map_clones_parent_and_applies_child_override;easyexcel_writer::tests::live_holder_converter_map_matches_sheet_and_table_write_precedence,3afdea9d
easyexcel-core/src/main/java/com/alibaba/excel/metadata/FieldCache.java,easyexcel/src/metadata/field_cache.rs,easyexcel,field_cache,core,in_progress,,3afdea9d
easyexcel-core/src/main/java/com/alibaba/excel/metadata/FieldWrapper.java,easyexcel/src/metadata/field_wrapper.rs,easyexcel,field_wrapper,core,in_progress,,3afdea9d
easyexcel-core/src/main/java/com/alibaba/excel/metadata/Font.java,easyexcel/src/metadata/font.rs,easyexcel,font,core,in_progress,,3afdea9d
easyexcel-core/src/main/java/com/alibaba/excel/metadata/GlobalConfiguration.java,easyexcel/src/metadata/global_configuration.rs,easyexcel,global_configuration,core,in_progress,,3afdea9d
easyexcel-core/src/main/java/com/alibaba/excel/metadata/Head.java,easyexcel/src/metadata/head.rs,easyexcel,head,core,in_progress,easyexcel_core::metadata::tests::head_permits_empty_but_non_null_rust_header_name;easyexcel_writer::tests::excel_write_head_property_resolves_metadata_and_java_merge_ranges,3afdea9d
easyexcel-core/src/main/java/com/alibaba/excel/metadata/Holder.java,easyexcel/src/metadata/holder.rs,easyexcel,holder,core,in_progress,,3afdea9d
easyexcel-core/src/main/java/com/alibaba/excel/metadata/NullObject.java,easyexcel/src/metadata/null_object.rs,easyexcel,null_object,core,in_progress,,3afdea9d
easyexcel-core/src/main/java/com/alibaba/excel/metadata/csv/CsvCell.java,easyexcel/src/metadata/csv/csv_cell.rs,easyexcel,csv_cell,core,in_progress,metadata::csv::tests::workbook_sheet_row_cell_chain_preserves_typed_values; production append_csv_records uses create_cell,3afdea9d
easyexcel-core/src/main/java/com/alibaba/excel/metadata/csv/CsvCellStyle.java,easyexcel/src/metadata/csv/csv_cell_style.rs,easyexcel,csv_cell_style,core,in_progress,CsvCellStyle owns index and DataFormatData; metadata::csv object-chain tests,3afdea9d
easyexcel-core/src/main/java/com/alibaba/excel/metadata/csv/CsvDataFormat.java,easyexcel/src/metadata/csv/csv_data_format.rs,easyexcel,csv_data_format,core,in_progress,csv_data_format::tests::reuses_builtin_and_custom_indexes,3afdea9d
easyexcel-core/src/main/java/com/alibaba/excel/metadata/csv/CsvRichTextString.java,easyexcel/src/metadata/csv/csv_rich_text_string.rs,easyexcel,csv_rich_text_string,core,in_progress,CsvRichTextString stores plain text and Unicode scalar length; CsvCell::set_rich_text,3afdea9d
easyexcel-core/src/main/java/com/alibaba/excel/metadata/csv/CsvRow.java,easyexcel/src/metadata/csv/csv_row.rs,easyexcel,csv_row,core,in_progress,"metadata::csv::tests::{workbook_sheet_row_cell_chain_preserves_typed_values,csv_enforces_single_sheet_ordered_rows_and_unique_cells}; production CSV record path",3afdea9d
easyexcel-core/src/main/java/com/alibaba/excel/metadata/csv/CsvSheet.java,easyexcel/src/metadata/csv/csv_sheet.rs,easyexcel,csv_sheet,core,in_progress,metadata::csv::tests::csv_enforces_single_sheet_ordered_rows_and_unique_cells; writer CSV stateful and one-shot tests,3afdea9d
easyexcel-core/src/main/java/com/alibaba/excel/metadata/csv/CsvWorkbook.java,easyexcel/src/metadata/csv/csv_workbook.rs,easyexcel,csv_workbook,core,in_progress,metadata::csv object-chain tests; append_csv_records creates real workbook/sheet; writer CSV tests,3afdea9d
easyexcel-core/src/main/java/com/alibaba/excel/metadata/data/CellData.java,easyexcel/src/metadata/data/cell_data.rs,easyexcel,cell_data,core,in_progress,,3afdea9d
easyexcel-core/src/main/java/com/alibaba/excel/metadata/data/ClientAnchorData.java,easyexcel/src/metadata/data/client_anchor_data.rs,easyexcel,client_anchor_data,core,in_progress,,3afdea9d
easyexcel-core/src/main/java/com/alibaba/excel/metadata/data/CommentData.java,easyexcel/src/metadata/data/comment_data.rs,easyexcel,comment_data,core,in_progress,,3afdea9d
easyexcel-core/src/main/java/com/alibaba/excel/metadata/data/CoordinateData.java,easyexcel/src/metadata/data/coordinate_data.rs,easyexcel,coordinate_data,core,in_progress,,3afdea9d
easyexcel-core/src/main/java/com/alibaba/excel/metadata/data/DataFormatData.java,easyexcel/src/metadata/data/data_format_data.rs,easyexcel,data_format_data,core,in_progress,,3afdea9d
easyexcel-core/src/main/java/com/alibaba/excel/metadata/data/FormulaData.java,easyexcel/src/metadata/data/formula_data.rs,easyexcel,formula_data,core,in_progress,,3afdea9d
easyexcel-core/src/main/java/com/alibaba/excel/metadata/data/HyperlinkData.java,easyexcel/src/metadata/data/hyperlink_data.rs,easyexcel,hyperlink_data,core,in_progress,,3afdea9d
easyexcel-core/src/main/java/com/alibaba/excel/metadata/data/ImageData.java,easyexcel/src/metadata/data/image_data.rs,easyexcel,image_data,core,in_progress,,3afdea9d
easyexcel-core/src/main/java/com/alibaba/excel/metadata/data/ReadCellData.java,easyexcel/src/metadata/data/read_cell_data.rs,easyexcel,read_cell_data,core,in_progress,,3afdea9d
easyexcel-core/src/main/java/com/alibaba/excel/metadata/data/RichTextStringData.java,easyexcel/src/metadata/data/rich_text_string_data.rs,easyexcel,rich_text_string_data,core,in_progress,,3afdea9d
easyexcel-core/src/main/java/com/alibaba/excel/metadata/data/WriteCellData.java,easyexcel/src/metadata/data/write_cell_data.rs,easyexcel,write_cell_data,core,in_progress,round_trip::converter_write_cell_data_style_reaches_xlsx_xls_csv_and_template_backends,3afdea9d
easyexcel-core/src/main/java/com/alibaba/excel/metadata/format/DataFormatter.java,easyexcel/src/metadata/format/data_formatter.rs,easyexcel,data_formatter,core,in_progress,,3afdea9d
easyexcel-core/src/main/java/com/alibaba/excel/metadata/format/ExcelGeneralNumberFormat.java,easyexcel/src/metadata/format/excel_general_number_format.rs,easyexcel,excel_general_number_format,core,in_progress,,3afdea9d
easyexcel-core/src/main/java/com/alibaba/excel/metadata/property/ColumnWidthProperty.java,easyexcel/src/metadata/property/column_width_property.rs,easyexcel,column_width_property,core,in_progress,,3afdea9d
easyexcel-core/src/main/java/com/alibaba/excel/metadata/property/DateTimeFormatProperty.java,easyexcel/src/metadata/property/date_time_format_property.rs,easyexcel,date_time_format_property,core,in_progress,easyexcel_derive::tests::field_options_parse_every_supported_value_and_reject_unknown_values;easyexcel::tests::facade_applies_1904_windowing_to_numeric_date_converters,3afdea9d
easyexcel-core/src/main/java/com/alibaba/excel/metadata/property/ExcelContentProperty.java,easyexcel/src/metadata/property/excel_content_property.rs,easyexcel,excel_content_property,core,in_progress,easyexcel_core::converter::default_converter_loader::tests::default_read_registry_dispatches_by_target_and_cell_type;easyexcel::tests::facade_applies_1904_windowing_to_numeric_date_converters,3afdea9d
easyexcel-core/src/main/java/com/alibaba/excel/metadata/property/ExcelHeadProperty.java,easyexcel/src/metadata/property/excel_head_property.rs,easyexcel,excel_head_property,core,in_progress,easyexcel_core::metadata::tests::excel_head_property_for_class_marks_class_kind;easyexcel_writer::tests::java_field_cache_order_and_forced_index_are_preserved_across_backends;easyexcel_writer::tests::excel_write_head_property_resolves_metadata_and_java_merge_ranges,3afdea9d
easyexcel-core/src/main/java/com/alibaba/excel/metadata/property/FontProperty.java,easyexcel/src/metadata/property/font_property.rs,easyexcel,font_property,core,in_progress,,3afdea9d
easyexcel-core/src/main/java/com/alibaba/excel/metadata/property/LoopMergeProperty.java,easyexcel/src/metadata/property/loop_merge_property.rs,easyexcel,loop_merge_property,core,in_progress,,3afdea9d
easyexcel-core/src/main/java/com/alibaba/excel/metadata/property/NumberFormatProperty.java,easyexcel/src/metadata/property/number_format_property.rs,easyexcel,number_format_property,core,in_progress,,3afdea9d
easyexcel-core/src/main/java/com/alibaba/excel/metadata/property/OnceAbsoluteMergeProperty.java,easyexcel/src/metadata/property/once_absolute_merge_property.rs,easyexcel,once_absolute_merge_property,core,in_progress,,3afdea9d
easyexcel-core/src/main/java/com/alibaba/excel/metadata/property/RowHeightProperty.java,easyexcel/src/metadata/property/row_height_property.rs,easyexcel,row_height_property,core,in_progress,,3afdea9d
easyexcel-core/src/main/java/com/alibaba/excel/metadata/property/StyleProperty.java,easyexcel/src/metadata/property/style_property.rs,easyexcel,style_property,core,in_progress,,3afdea9d
easyexcel-core/src/main/java/com/alibaba/excel/read/builder/AbstractExcelReaderParameterBuilder.java,easyexcel/src/read/builder/abstract_excel_reader_parameter_builder.rs,easyexcel,abstract_excel_reader_parameter_builder,read,in_progress,,3afdea9d
easyexcel-core/src/main/java/com/alibaba/excel/read/builder/ExcelReaderBuilder.java,easyexcel/src/read/builder/excel_reader_builder.rs,easyexcel,excel_reader_builder,read,in_progress,easyexcel_reader::builder::excel_reader_builder::tests,3afdea9d
easyexcel-core/src/main/java/com/alibaba/excel/read/builder/ExcelReaderSheetBuilder.java,easyexcel/src/read/builder/excel_reader_sheet_builder.rs,easyexcel,excel_reader_sheet_builder,read,in_progress,codegraph_phaseE_metadata_1to1_tests::excel_reader_sheet_builder_test; easyexcel_reader::builder::excel_reader_sheet_builder::tests,3afdea9d
easyexcel-core/src/main/java/com/alibaba/excel/read/listener/IgnoreExceptionReadListener.java,easyexcel/src/read/listener/ignore_exception_read_listener.rs,easyexcel,ignore_exception_read_listener,read,in_progress,,3afdea9d
easyexcel-core/src/main/java/com/alibaba/excel/read/listener/ModelBuildEventListener.java,easyexcel/src/read/listener/model_build_event_listener.rs,easyexcel,model_build_event_listener,read,in_progress,,3afdea9d
easyexcel-core/src/main/java/com/alibaba/excel/read/listener/PageReadListener.java,easyexcel/src/read/listener/page_read_listener.rs,easyexcel,page_read_listener,read,in_progress,,3afdea9d
easyexcel-core/src/main/java/com/alibaba/excel/read/listener/ReadListener.java,easyexcel/src/read/listener/read_listener.rs,easyexcel,read_listener,read,in_progress,easyexcel::tests::reader_builder_register_read_listener_dispatches_in_registration_order,3afdea9d
easyexcel-core/src/main/java/com/alibaba/excel/read/metadata/ReadBasicParameter.java,easyexcel/src/read/metadata/read_basic_parameter.rs,easyexcel,read_basic_parameter,read,in_progress,,3afdea9d
easyexcel-core/src/main/java/com/alibaba/excel/read/metadata/ReadSheet.java,easyexcel/src/read/metadata/read_sheet.rs,easyexcel,read_sheet,read,in_progress,codegraph_phaseE_metadata_1to1_tests::read_sheet_test,3afdea9d
easyexcel-core/src/main/java/com/alibaba/excel/read/metadata/ReadWorkbook.java,easyexcel/src/read/metadata/read_workbook.rs,easyexcel,read_workbook,read,in_progress,,3afdea9d
easyexcel-core/src/main/java/com/alibaba/excel/read/metadata/holder/AbstractReadHolder.java,easyexcel/src/read/metadata/holder/abstract_read_holder.rs,easyexcel,abstract_read_holder,read,in_progress,,3afdea9d
easyexcel-core/src/main/java/com/alibaba/excel/read/metadata/holder/ReadHolder.java,easyexcel/src/read/metadata/holder/read_holder.rs,easyexcel,read_holder,read,in_progress,,3afdea9d
easyexcel-core/src/main/java/com/alibaba/excel/read/metadata/holder/ReadRowHolder.java,easyexcel/src/read/metadata/holder/read_row_holder.rs,easyexcel,read_row_holder,read,in_progress,,3afdea9d
easyexcel-core/src/main/java/com/alibaba/excel/read/metadata/holder/ReadSheetHolder.java,easyexcel/src/read/metadata/holder/read_sheet_holder.rs,easyexcel,read_sheet_holder,read,in_progress,,3afdea9d
easyexcel-core/src/main/java/com/alibaba/excel/read/metadata/holder/ReadWorkbookHolder.java,easyexcel/src/read/metadata/holder/read_workbook_holder.rs,easyexcel,read_workbook_holder,read,in_progress,,3afdea9d
easyexcel-core/src/main/java/com/alibaba/excel/read/metadata/holder/csv/CsvReadSheetHolder.java,easyexcel/src/read/metadata/holder/csv/csv_read_sheet_holder.rs,easyexcel,csv_read_sheet_holder,read,in_progress,,3afdea9d
easyexcel-core/src/main/java/com/alibaba/excel/read/metadata/holder/csv/CsvReadWorkbookHolder.java,easyexcel/src/read/metadata/holder/csv/csv_read_workbook_holder.rs,easyexcel,csv_read_workbook_holder,read,in_progress,,3afdea9d
easyexcel-core/src/main/java/com/alibaba/excel/read/metadata/holder/xls/XlsReadSheetHolder.java,easyexcel/src/read/metadata/holder/xls/xls_read_sheet_holder.rs,easyexcel,xls_read_sheet_holder,read,in_progress,,3afdea9d
easyexcel-core/src/main/java/com/alibaba/excel/read/metadata/holder/xls/XlsReadWorkbookHolder.java,easyexcel/src/read/metadata/holder/xls/xls_read_workbook_holder.rs,easyexcel,xls_read_workbook_holder,read,in_progress,,3afdea9d
easyexcel-core/src/main/java/com/alibaba/excel/read/metadata/holder/xlsx/XlsxReadSheetHolder.java,easyexcel/src/read/metadata/holder/xlsx/xlsx_read_sheet_holder.rs,easyexcel,xlsx_read_sheet_holder,read,in_progress,,3afdea9d
easyexcel-core/src/main/java/com/alibaba/excel/read/metadata/holder/xlsx/XlsxReadWorkbookHolder.java,easyexcel/src/read/metadata/holder/xlsx/xlsx_read_workbook_holder.rs,easyexcel,xlsx_read_workbook_holder,read,in_progress,,3afdea9d
easyexcel-core/src/main/java/com/alibaba/excel/read/metadata/property/ExcelReadHeadProperty.java,easyexcel/src/read/metadata/property/excel_read_head_property.rs,easyexcel,excel_read_head_property,read,in_progress,,3afdea9d
easyexcel-core/src/main/java/com/alibaba/excel/read/processor/AnalysisEventProcessor.java,easyexcel/src/read/processor/analysis_event_processor.rs,easyexcel,analysis_event_processor,read,in_progress,,3afdea9d
easyexcel-core/src/main/java/com/alibaba/excel/read/processor/DefaultAnalysisEventProcessor.java,easyexcel/src/read/processor/default_analysis_event_processor.rs,easyexcel,default_analysis_event_processor,read,in_progress,,3afdea9d
easyexcel-core/src/main/java/com/alibaba/excel/support/ExcelTypeEnum.java,easyexcel/src/support/excel_type_enum.rs,easyexcel,excel_type_enum,core,in_progress,,3afdea9d
easyexcel-core/src/main/java/com/alibaba/excel/util/BeanMapUtils.java,easyexcel/src/util/bean_map_utils.rs,easyexcel,bean_map_utils,core,in_progress,util::bean_map_utils::tests::create_maps_real_excel_row_values_and_declared_types; temp_1to1_tests::simple_write_simple_write_1,3afdea9d
easyexcel-core/src/main/java/com/alibaba/excel/util/BooleanUtils.java,easyexcel/src/util/boolean_utils.rs,easyexcel,boolean_utils,core,in_progress,,3afdea9d
easyexcel-core/src/main/java/com/alibaba/excel/util/ClassUtils.java,easyexcel/src/util/class_utils.rs,easyexcel,class_utils,core,in_progress,easyexcel_writer::tests::java_field_cache_order_and_forced_index_are_preserved_across_backends;easyexcel::tests::write_converter_errors_report_physical_sheet_row_column_and_field;easyexcel_writer::tests::duplicate_manual_indexes_fail_before_handlers_filters_templates_and_output,3afdea9d
easyexcel-core/src/main/java/com/alibaba/excel/util/ConverterUtils.java,easyexcel/src/util/converter_utils.rs,easyexcel,converter_utils,core,in_progress,,3afdea9d
easyexcel-core/src/main/java/com/alibaba/excel/util/DateUtils.java,easyexcel/src/util/date_utils.rs,easyexcel,date_utils,core,in_progress,,3afdea9d
easyexcel-core/src/main/java/com/alibaba/excel/util/EasyExcelTempFileCreationStrategy.java,easyexcel/src/util/easy_excel_temp_file_creation_strategy.rs,easyexcel,easy_excel_temp_file_creation_strategy,core,in_progress,,3afdea9d
easyexcel-core/src/main/java/com/alibaba/excel/util/FieldUtils.java,easyexcel/src/util/field_utils.rs,easyexcel,field_utils,core,in_progress,,3afdea9d
easyexcel-core/src/main/java/com/alibaba/excel/util/FileTypeUtils.java,easyexcel/src/util/file_type_utils.rs,easyexcel,file_type_utils,core,in_progress,,3afdea9d
easyexcel-core/src/main/java/com/alibaba/excel/util/FileUtils.java,easyexcel/src/util/file_utils.rs,easyexcel,file_utils,core,in_progress,util::file_utils::tests::configured_paths_can_be_replaced_after_first_read,3afdea9d
easyexcel-core/src/main/java/com/alibaba/excel/util/IntUtils.java,easyexcel/src/util/int_utils.rs,easyexcel,int_utils,core,in_progress,,3afdea9d
easyexcel-core/src/main/java/com/alibaba/excel/util/IoUtils.java,easyexcel/src/util/io_utils.rs,easyexcel,io_utils,core,in_progress,,3afdea9d
easyexcel-core/src/main/java/com/alibaba/excel/util/ListUtils.java,easyexcel/src/util/list_utils.rs,easyexcel,list_utils,core,in_progress,,3afdea9d
easyexcel-core/src/main/java/com/alibaba/excel/util/MapUtils.java,easyexcel/src/util/map_utils.rs,easyexcel,map_utils,core,in_progress,,3afdea9d
easyexcel-core/src/main/java/com/alibaba/excel/util/MemberUtils.java,,easyexcel,member_utils,core,excluded,Rust has no JVM reflective accessibility model,3afdea9d
easyexcel-core/src/main/java/com/alibaba/excel/util/NumberDataFormatterUtils.java,easyexcel/src/util/number_data_formatter_utils.rs,easyexcel,number_data_formatter_utils,core,in_progress,,3afdea9d
easyexcel-core/src/main/java/com/alibaba/excel/util/NumberUtils.java,easyexcel/src/util/number_utils.rs,easyexcel,number_utils,core,in_progress,,3afdea9d
easyexcel-core/src/main/java/com/alibaba/excel/util/PoiUtils.java,easyexcel/src/util/poi_utils.rs,easyexcel,poi_utils,core,in_progress,,3afdea9d
easyexcel-core/src/main/java/com/alibaba/excel/util/PositionUtils.java,easyexcel/src/util/position_utils.rs,easyexcel,position_utils,core,in_progress,,3afdea9d
easyexcel-core/src/main/java/com/alibaba/excel/util/SheetUtils.java,easyexcel/src/util/sheet_utils.rs,easyexcel,sheet_utils,core,in_progress,,3afdea9d
easyexcel-core/src/main/java/com/alibaba/excel/util/StringUtils.java,easyexcel/src/util/string_utils.rs,easyexcel,string_utils,core,in_progress,,3afdea9d
easyexcel-core/src/main/java/com/alibaba/excel/util/StyleUtil.java,easyexcel/src/util/style_util.rs,easyexcel,style_util,core,in_progress,,3afdea9d
easyexcel-core/src/main/java/com/alibaba/excel/util/Validate.java,easyexcel/src/util/validate.rs,easyexcel,validate,core,in_progress,,3afdea9d
easyexcel-core/src/main/java/com/alibaba/excel/util/WorkBookUtil.java,easyexcel/src/util/work_book_util.rs,easyexcel,work_book_util,core,in_progress,"work_book_util::tests::{creator_chain_delegates_to_real_backend_objects,fill_data_format_creates_nested_state_and_preserves_existing_format}; easyexcel_writer::tests::workbook_util_creator_chain_materializes_real_xlsx_cells; XLSX/BIFF8 production paths use creator traits",3afdea9d
easyexcel-core/src/main/java/com/alibaba/excel/util/WriteHandlerUtils.java,easyexcel/src/util/write_handler_utils.rs,easyexcel,write_handler_utils,core,in_progress,easyexcel_core::util::write_handler_utils::tests::utilities_dispatch_real_handler_contexts;easyexcel_core::util::write_handler_utils::tests::java_style_context_factories_clone_the_live_holder_graph;easyexcel_core::util::write_handler_utils::tests::java_style_sheet_row_and_cell_factories_reject_missing_sheet;easyexcel_writer::tests::table_holder_runs_supplementary_callbacks_then_own_parent_row_chain;easyexcel_writer::tests::holder_handler_scope_deduplicates_effective_chain_but_runs_each_own_chain,3afdea9d
easyexcel-core/src/main/java/com/alibaba/excel/write/ExcelBuilder.java,easyexcel/src/write/excel_builder.rs,easyexcel,excel_builder,write,in_progress,,3afdea9d
easyexcel-core/src/main/java/com/alibaba/excel/write/ExcelBuilderImpl.java,easyexcel/src/write/excel_builder_impl.rs,easyexcel,excel_builder_impl,write,in_progress,easyexcel_writer::excel_builder::tests::live_current_write_holder_tracks_resolved_sheet_and_table_state;easyexcel_writer::excel_builder::tests::template_fill_updates_the_same_live_current_holder,3afdea9d
easyexcel-core/src/main/java/com/alibaba/excel/write/builder/AbstractExcelWriterParameterBuilder.java,easyexcel/src/write/builder/abstract_excel_writer_parameter_builder.rs,easyexcel,abstract_excel_writer_parameter_builder,write,in_progress,easyexcel_writer::builder::excel_writer_table_builder::tests::explicit_table_defaults_override_non_default_parent_values,3afdea9d
easyexcel-core/src/main/java/com/alibaba/excel/write/builder/ExcelWriterBuilder.java,easyexcel/src/write/builder/excel_writer_builder.rs,easyexcel,excel_writer_builder,write,in_progress,easyexcel_writer::write::builder::excel_writer_builder::tests,3afdea9d
easyexcel-core/src/main/java/com/alibaba/excel/write/builder/ExcelWriterSheetBuilder.java,easyexcel/src/write/builder/excel_writer_sheet_builder.rs,easyexcel,excel_writer_sheet_builder,write,in_progress,easyexcel_writer::write::builder::excel_writer_builder::tests::compatibility_builder_writes_xlsx_and_runs_registered_handlers,3afdea9d
easyexcel-core/src/main/java/com/alibaba/excel/write/builder/ExcelWriterTableBuilder.java,easyexcel/src/write/builder/excel_writer_table_builder.rs,easyexcel,excel_writer_table_builder,write,in_progress,easyexcel_writer::builder::excel_writer_table_builder::tests::bound_table_builder_writes_through_parent_sheet_and_finishes,3afdea9d
easyexcel-core/src/main/java/com/alibaba/excel/write/executor/AbstractExcelWriteExecutor.java,easyexcel/src/write/executor/abstract_excel_write_executor.rs,easyexcel,abstract_excel_write_executor,write,in_progress,easyexcel_writer::tests::handler_context_exposes_real_pre_converter_value_across_write_backends;easyexcel_writer::tests::stateless_xlsx_and_xls_materialize_default_write_converters,3afdea9d
easyexcel-core/src/main/java/com/alibaba/excel/write/executor/ExcelWriteAddExecutor.java,easyexcel/src/write/executor/excel_write_add_executor.rs,easyexcel,excel_write_add_executor,write,in_progress,easyexcel::tests::registered_write_converter_uses_latest_registration_and_field_precedence;easyexcel_writer::tests::dynamic_basic_row_keeps_values_beyond_the_head_map_across_backends;easyexcel_writer::tests::absent_option_rows_keep_indexes_without_rows_cells_or_handlers;easyexcel_writer::tests::java_field_cache_order_and_forced_index_are_preserved_across_backends;easyexcel::tests::write_converter_errors_report_physical_sheet_row_column_and_field,3afdea9d
easyexcel-core/src/main/java/com/alibaba/excel/write/executor/ExcelWriteExecutor.java,easyexcel/src/write/executor/excel_write_executor.rs,easyexcel,excel_write_executor,write,in_progress,,3afdea9d
easyexcel-core/src/main/java/com/alibaba/excel/write/executor/ExcelWriteFillExecutor.java,easyexcel/src/write/executor/excel_write_fill_executor.rs,easyexcel,excel_write_fill_executor,write,in_progress,easyexcel_writer::executor::excel_write_fill_executor::tests;easyexcel::excel_builder::tests::facade_do_fill_accepts_collection_config_and_supplier;easyexcel_template::builder_fill_executor::tests,3afdea9d
easyexcel-core/src/main/java/com/alibaba/excel/write/handler/AbstractCellWriteHandler.java,easyexcel/src/write/handler/abstract_cell_write_handler.rs,easyexcel,abstract_cell_write_handler,write,in_progress,,3afdea9d
easyexcel-core/src/main/java/com/alibaba/excel/write/handler/AbstractRowWriteHandler.java,easyexcel/src/write/handler/abstract_row_write_handler.rs,easyexcel,abstract_row_write_handler,write,in_progress,,3afdea9d
easyexcel-core/src/main/java/com/alibaba/excel/write/handler/AbstractSheetWriteHandler.java,easyexcel/src/write/handler/abstract_sheet_write_handler.rs,easyexcel,abstract_sheet_write_handler,write,in_progress,,3afdea9d
easyexcel-core/src/main/java/com/alibaba/excel/write/handler/AbstractWorkbookWriteHandler.java,easyexcel/src/write/handler/abstract_workbook_write_handler.rs,easyexcel,abstract_workbook_write_handler,write,in_progress,,3afdea9d
easyexcel-core/src/main/java/com/alibaba/excel/write/handler/CellWriteHandler.java,easyexcel/src/write/handler/cell_write_handler.rs,easyexcel,cell_write_handler,write,in_progress,easyexcel_writer::write::builder::excel_writer_builder::tests::exact_java_handler_lifecycle_runs_in_creation_and_dispose_order,3afdea9d
easyexcel-core/src/main/java/com/alibaba/excel/write/handler/DefaultWriteHandlerLoader.java,easyexcel/src/write/handler/default_write_handler_loader.rs,easyexcel,default_write_handler_loader,write,in_progress,easyexcel_writer::tests::stateful_writer_installs_java_default_handlers_by_effective_type,3afdea9d
easyexcel-core/src/main/java/com/alibaba/excel/write/handler/RowWriteHandler.java,easyexcel/src/write/handler/row_write_handler.rs,easyexcel,row_write_handler,write,in_progress,easyexcel_writer::write::builder::excel_writer_builder::tests::exact_java_handler_lifecycle_runs_in_creation_and_dispose_order,3afdea9d
easyexcel-core/src/main/java/com/alibaba/excel/write/handler/SheetWriteHandler.java,easyexcel/src/write/handler/sheet_write_handler.rs,easyexcel,sheet_write_handler,write,in_progress,easyexcel_writer::write::builder::excel_writer_builder::tests::exact_java_handler_lifecycle_runs_in_creation_and_dispose_order,3afdea9d
easyexcel-core/src/main/java/com/alibaba/excel/write/handler/WorkbookWriteHandler.java,easyexcel/src/write/handler/workbook_write_handler.rs,easyexcel,workbook_write_handler,write,in_progress,easyexcel_writer::write::builder::excel_writer_builder::tests::exact_java_handler_lifecycle_runs_in_creation_and_dispose_order,3afdea9d
easyexcel-core/src/main/java/com/alibaba/excel/write/handler/WriteHandler.java,easyexcel/src/write/handler/write_handler.rs,easyexcel,write_handler,write,in_progress,easyexcel_writer::write::builder::excel_writer_builder::tests::exact_java_handler_lifecycle_runs_in_creation_and_dispose_order;easyexcel_writer::tests::annotation_config_loads_real_ordered_handlers_for_every_java_strategy,3afdea9d
easyexcel-core/src/main/java/com/alibaba/excel/write/handler/chain/CellHandlerExecutionChain.java,easyexcel/src/write/handler/chain/cell_handler_execution_chain.rs,easyexcel,cell_handler_execution_chain,write,in_progress,easyexcel_writer::handler::chain::tests::all_java_chain_lifecycle_methods_forward_in_registration_order;easyexcel_writer::tests::holder_handler_scope_deduplicates_effective_chain_but_runs_each_own_chain;easyexcel_writer::tests::table_holder_runs_supplementary_callbacks_then_own_parent_row_chain,3afdea9d
easyexcel-core/src/main/java/com/alibaba/excel/write/handler/chain/RowHandlerExecutionChain.java,easyexcel/src/write/handler/chain/row_handler_execution_chain.rs,easyexcel,row_handler_execution_chain,write,in_progress,easyexcel_writer::handler::chain::tests::all_java_chain_lifecycle_methods_forward_in_registration_order;easyexcel_writer::tests::holder_handler_scope_deduplicates_effective_chain_but_runs_each_own_chain;easyexcel_writer::tests::table_holder_runs_supplementary_callbacks_then_own_parent_row_chain,3afdea9d
easyexcel-core/src/main/java/com/alibaba/excel/write/handler/chain/SheetHandlerExecutionChain.java,easyexcel/src/write/handler/chain/sheet_handler_execution_chain.rs,easyexcel,sheet_handler_execution_chain,write,in_progress,easyexcel_writer::handler::chain::tests::all_java_chain_lifecycle_methods_forward_in_registration_order;easyexcel_writer::tests::holder_handler_scope_deduplicates_effective_chain_but_runs_each_own_chain;easyexcel_writer::tests::table_holder_runs_supplementary_callbacks_then_own_parent_row_chain,3afdea9d
easyexcel-core/src/main/java/com/alibaba/excel/write/handler/chain/WorkbookHandlerExecutionChain.java,easyexcel/src/write/handler/chain/workbook_handler_execution_chain.rs,easyexcel,workbook_handler_execution_chain,write,in_progress,easyexcel_writer::handler::chain::tests::all_java_chain_lifecycle_methods_forward_in_registration_order;easyexcel_writer::tests::holder_handler_scope_deduplicates_effective_chain_but_runs_each_own_chain;easyexcel_writer::tests::handler_registered_before_empty_finish_participates_in_dispose_chain,3afdea9d
easyexcel-core/src/main/java/com/alibaba/excel/write/handler/context/CellWriteHandlerContext.java,easyexcel/src/write/handler/context/cell_write_handler_context.rs,easyexcel,cell_write_handler_context,write,in_progress,easyexcel_writer::tests::handler_context_matches_java_conversion_stages_and_ignore_fill_style + easyexcel_writer::tests::handler_context_exposes_real_pre_converter_value_across_write_backends + easyexcel_writer::tests::table_holder_runs_supplementary_callbacks_then_own_parent_row_chain + easyexcel_writer::tests::logical_row_and_cell_handles_commit_real_backend_mutations,3afdea9d
easyexcel-core/src/main/java/com/alibaba/excel/write/handler/context/RowWriteHandlerContext.java,easyexcel/src/write/handler/context/row_write_handler_context.rs,easyexcel,row_write_handler_context,write,in_progress,easyexcel_writer::tests::handler_context_matches_java_conversion_stages_and_ignore_fill_style + easyexcel_writer::tests::handler_context_exposes_real_pre_converter_value_across_write_backends + easyexcel_writer::tests::table_holder_runs_supplementary_callbacks_then_own_parent_row_chain + easyexcel_writer::tests::logical_row_and_cell_handles_commit_real_backend_mutations,3afdea9d
easyexcel-core/src/main/java/com/alibaba/excel/write/handler/context/SheetWriteHandlerContext.java,easyexcel/src/write/handler/context/sheet_write_handler_context.rs,easyexcel,sheet_write_handler_context,write,in_progress,easyexcel_writer::write::builder::excel_writer_builder::tests::exact_java_handler_lifecycle_runs_in_creation_and_dispose_order + easyexcel_writer::tests::table_holder_runs_supplementary_callbacks_then_own_parent_row_chain,3afdea9d
easyexcel-core/src/main/java/com/alibaba/excel/write/handler/context/WorkbookWriteHandlerContext.java,easyexcel/src/write/handler/context/workbook_write_handler_context.rs,easyexcel,workbook_write_handler_context,write,in_progress,easyexcel_writer::write::builder::excel_writer_builder::tests::exact_java_handler_lifecycle_runs_in_creation_and_dispose_order + easyexcel_writer::tests::table_holder_runs_supplementary_callbacks_then_own_parent_row_chain,3afdea9d
easyexcel-core/src/main/java/com/alibaba/excel/write/handler/impl/DefaultRowWriteHandler.java,easyexcel/src/write/handler/impl/default_row_write_handler.rs,easyexcel,default_row_write_handler,write,in_progress,,3afdea9d
easyexcel-core/src/main/java/com/alibaba/excel/write/handler/impl/DimensionWorkbookWriteHandler.java,easyexcel/src/write/handler/impl/dimension_workbook_write_handler.rs,easyexcel,dimension_workbook_write_handler,write,in_progress,,3afdea9d
easyexcel-core/src/main/java/com/alibaba/excel/write/handler/impl/FillStyleCellWriteHandler.java,easyexcel/src/write/handler/impl/fill_style_cell_write_handler.rs,easyexcel,fill_style_cell_write_handler,write,in_progress,,3afdea9d
easyexcel-core/src/main/java/com/alibaba/excel/write/merge/AbstractMergeStrategy.java,easyexcel/src/write/merge/abstract_merge_strategy.rs,easyexcel,abstract_merge_strategy,write,in_progress,,3afdea9d
easyexcel-core/src/main/java/com/alibaba/excel/write/merge/LoopMergeStrategy.java,easyexcel/src/write/merge/loop_merge_strategy.rs,easyexcel,loop_merge_strategy,write,in_progress,easyexcel_writer::tests::annotation_config_loads_real_ordered_handlers_for_every_java_strategy;easyexcel_writer::tests::stateful_sheet_persists_annotation_handlers_and_deduplicates_merges,3afdea9d
easyexcel-core/src/main/java/com/alibaba/excel/write/merge/OnceAbsoluteMergeStrategy.java,easyexcel/src/write/merge/once_absolute_merge_strategy.rs,easyexcel,once_absolute_merge_strategy,write,in_progress,easyexcel_writer::tests::once_absolute_merge_strategy_register_applies_merge;easyexcel_writer::tests::stateful_sheet_persists_annotation_handlers_and_deduplicates_merges;easyexcel_writer::tests::sheet_then_table_deduplicates_the_same_absolute_merge,3afdea9d
easyexcel-core/src/main/java/com/alibaba/excel/write/metadata/CollectionRowData.java,easyexcel/src/write/metadata/collection_row_data.rs,easyexcel,collection_row_data,write,in_progress,easyexcel_writer::tests::collection_and_map_row_data_enter_the_public_writer_backends;easyexcel_writer::tests::absent_option_rows_keep_indexes_without_rows_cells_or_handlers,3afdea9d
easyexcel-core/src/main/java/com/alibaba/excel/write/metadata/MapRowData.java,easyexcel/src/write/metadata/map_row_data.rs,easyexcel,map_row_data,write,in_progress,easyexcel_writer::tests::collection_and_map_row_data_enter_the_public_writer_backends;easyexcel_writer::executor::excel_write_add_executor::tests::add_one_row_and_basic_type_write_cells,3afdea9d
easyexcel-core/src/main/java/com/alibaba/excel/write/metadata/RowData.java,easyexcel/src/write/metadata/row_data.rs,easyexcel,row_data,write,in_progress,easyexcel_writer::tests::collection_and_map_row_data_enter_the_public_writer_backends,3afdea9d
easyexcel-core/src/main/java/com/alibaba/excel/write/metadata/WriteBasicParameter.java,easyexcel/src/write/metadata/write_basic_parameter.rs,easyexcel,write_basic_parameter,write,in_progress,easyexcel_writer::builder::excel_writer_table_builder::tests::unset_table_parameter_inherits_every_nullable_parent_value,3afdea9d
easyexcel-core/src/main/java/com/alibaba/excel/write/metadata/WriteSheet.java,easyexcel/src/write/metadata/write_sheet.rs,easyexcel,write_sheet,write,in_progress,easyexcel_writer::write::builder::excel_writer_builder::tests::sheet_explicit_need_head_overrides_inherited_workbook_value,3afdea9d
easyexcel-core/src/main/java/com/alibaba/excel/write/metadata/WriteTable.java,easyexcel/src/write/metadata/write_table.rs,easyexcel,write_table,write,in_progress,easyexcel_writer::write::builder::excel_writer_builder::tests::table_explicit_need_head_overrides_inherited_sheet_value,3afdea9d
easyexcel-core/src/main/java/com/alibaba/excel/write/metadata/WriteWorkbook.java,easyexcel/src/write/metadata/write_workbook.rs,easyexcel,write_workbook,write,in_progress,easyexcel_writer::write::builder::excel_writer_builder::tests::write_workbook_file_and_template_setters_store_real_paths,3afdea9d
easyexcel-core/src/main/java/com/alibaba/excel/write/metadata/fill/AnalysisCell.java,easyexcel/src/write/metadata/fill/analysis_cell.rs,easyexcel,analysis_cell,write,in_progress,,3afdea9d
easyexcel-core/src/main/java/com/alibaba/excel/write/metadata/fill/FillConfig.java,easyexcel/src/write/metadata/fill/fill_config.rs,easyexcel,fill_config,write,complete,easyexcel_writer::excel_builder::tests::fill_config_initializes_java_defaults_and_preserves_overrides,3afdea9d
easyexcel-core/src/main/java/com/alibaba/excel/write/metadata/fill/FillWrapper.java,easyexcel/src/write/metadata/fill/fill_wrapper.rs,easyexcel,fill_wrapper,write,in_progress,,3afdea9d
easyexcel-core/src/main/java/com/alibaba/excel/write/metadata/holder/AbstractWriteHolder.java,easyexcel/src/write/metadata/holder/abstract_write_holder.rs,easyexcel,abstract_write_holder,write,in_progress,easyexcel_writer::holder::abstract_write_holder::tests::holder_exposes_real_head_property_and_complete_selection_surface;easyexcel_writer::holder::abstract_write_holder::tests::converter_map_clones_parent_and_applies_child_override;easyexcel_writer::tests::multiple_tables_keep_independent_schema_options_and_single_head;easyexcel_writer::tests::holder_handler_scope_deduplicates_effective_chain_but_runs_each_own_chain;easyexcel_writer::tests::table_holder_runs_supplementary_callbacks_then_own_parent_row_chain;easyexcel_writer::tests::annotation_config_loads_real_ordered_handlers_for_every_java_strategy;easyexcel_writer::tests::stateful_sheet_persists_annotation_handlers_and_deduplicates_merges;easyexcel_writer::tests::parent_custom_dimension_handler_overrides_annotation_defaults;easyexcel_writer::tests::live_holder_converter_map_matches_sheet_and_table_write_precedence,3afdea9d
easyexcel-core/src/main/java/com/alibaba/excel/write/metadata/holder/WriteHolder.java,easyexcel/src/write/metadata/holder/write_holder.rs,easyexcel,write_holder,write,in_progress,easyexcel_writer::holder::abstract_write_holder::tests::holder_exposes_real_head_property_and_complete_selection_surface,3afdea9d
easyexcel-core/src/main/java/com/alibaba/excel/write/metadata/holder/WriteSheetHolder.java,easyexcel/src/write/metadata/holder/write_sheet_holder.rs,easyexcel,write_sheet_holder,write,in_progress,easyexcel_writer::holder::write_table_holder::tests::workbook_sheet_table_holders_resolve_java_parent_chain + easyexcel_writer::tests::stateful_sheet_handlers_are_isolated_and_reused_by_holder + easyexcel_writer::tests::handler_context_exposes_real_pre_converter_value_across_write_backends + easyexcel_writer::tests::table_holder_runs_supplementary_callbacks_then_own_parent_row_chain,3afdea9d
easyexcel-core/src/main/java/com/alibaba/excel/write/metadata/holder/WriteTableHolder.java,easyexcel/src/write/metadata/holder/write_table_holder.rs,easyexcel,write_table_holder,write,in_progress,easyexcel_writer::holder::write_table_holder::tests::workbook_sheet_table_holders_resolve_java_parent_chain + easyexcel_writer::tests::multiple_tables_keep_independent_schema_options_and_single_head + easyexcel_writer::tests::table_holder_runs_supplementary_callbacks_then_own_parent_row_chain,3afdea9d
easyexcel-core/src/main/java/com/alibaba/excel/write/metadata/holder/WriteWorkbookHolder.java,easyexcel/src/write/metadata/holder/write_workbook_holder.rs,easyexcel,write_workbook_holder,write,in_progress,easyexcel_writer::holder::write_table_holder::tests::workbook_sheet_table_holders_resolve_java_parent_chain + easyexcel_writer::tests::handler_context_exposes_real_pre_converter_value_across_write_backends + easyexcel_writer::tests::table_holder_runs_supplementary_callbacks_then_own_parent_row_chain,3afdea9d
easyexcel-core/src/main/java/com/alibaba/excel/write/metadata/style/WriteCellStyle.java,easyexcel/src/write/metadata/style/write_cell_style.rs,easyexcel,write_cell_style,write,in_progress,,3afdea9d
easyexcel-core/src/main/java/com/alibaba/excel/write/metadata/style/WriteFont.java,easyexcel/src/write/metadata/style/write_font.rs,easyexcel,write_font,write,in_progress,,3afdea9d
easyexcel-core/src/main/java/com/alibaba/excel/write/property/ExcelWriteHeadProperty.java,easyexcel/src/write/property/excel_write_head_property.rs,easyexcel,excel_write_head_property,write,in_progress,easyexcel_writer::tests::excel_write_head_property_resolves_metadata_and_java_merge_ranges;easyexcel_writer::excel_builder::tests::live_current_write_holder_tracks_resolved_sheet_and_table_state;easyexcel_writer::tests::dynamic_multi_level_head_merges_parents_and_offsets_data_rows;easyexcel_writer::tests::dynamic_head_merges_are_preserved_on_xlsx_and_xls_templates,3afdea9d
easyexcel-core/src/main/java/com/alibaba/excel/write/style/AbstractCellStyleStrategy.java,easyexcel/src/write/style/abstract_cell_style_strategy.rs,easyexcel,abstract_cell_style_strategy,write,in_progress,,3afdea9d
easyexcel-core/src/main/java/com/alibaba/excel/write/style/AbstractVerticalCellStyleStrategy.java,easyexcel/src/write/style/abstract_vertical_cell_style_strategy.rs,easyexcel,abstract_vertical_cell_style_strategy,write,in_progress,,3afdea9d
easyexcel-core/src/main/java/com/alibaba/excel/write/style/DefaultStyle.java,easyexcel/src/write/style/default_style.rs,easyexcel,default_style,write,in_progress,,3afdea9d
easyexcel-core/src/main/java/com/alibaba/excel/write/style/HorizontalCellStyleStrategy.java,easyexcel/src/write/style/horizontal_cell_style_strategy.rs,easyexcel,horizontal_cell_style_strategy,write,in_progress,easyexcel_writer::tests::template_annotation_layout_stays_absolute_and_preserves_package,3afdea9d
easyexcel-core/src/main/java/com/alibaba/excel/write/style/column/AbstractColumnWidthStyleStrategy.java,easyexcel/src/write/style/column/abstract_column_width_style_strategy.rs,easyexcel,abstract_column_width_style_strategy,write,in_progress,,3afdea9d
easyexcel-core/src/main/java/com/alibaba/excel/write/style/column/AbstractHeadColumnWidthStyleStrategy.java,easyexcel/src/write/style/column/abstract_head_column_width_style_strategy.rs,easyexcel,abstract_head_column_width_style_strategy,write,in_progress,,3afdea9d
easyexcel-core/src/main/java/com/alibaba/excel/write/style/column/LongestMatchColumnWidthStyleStrategy.java,easyexcel/src/write/style/column/longest_match_column_width_style_strategy.rs,easyexcel,longest_match_column_width_style_strategy,write,in_progress,,3afdea9d
easyexcel-core/src/main/java/com/alibaba/excel/write/style/column/SimpleColumnWidthStyleStrategy.java,easyexcel/src/write/style/column/simple_column_width_style_strategy.rs,easyexcel,simple_column_width_style_strategy,write,in_progress,easyexcel_writer::tests::annotation_config_loads_real_ordered_handlers_for_every_java_strategy;easyexcel_writer::tests::parent_custom_dimension_handler_overrides_annotation_defaults,3afdea9d
easyexcel-core/src/main/java/com/alibaba/excel/write/style/row/AbstractRowHeightStyleStrategy.java,easyexcel/src/write/style/row/abstract_row_height_style_strategy.rs,easyexcel,abstract_row_height_style_strategy,write,in_progress,,3afdea9d
easyexcel-core/src/main/java/com/alibaba/excel/write/style/row/SimpleRowHeightStyleStrategy.java,easyexcel/src/write/style/row/simple_row_height_style_strategy.rs,easyexcel,simple_row_height_style_strategy,write,in_progress,easyexcel_writer::tests::custom_row_height_handler_overrides_annotation_height;easyexcel_writer::tests::annotation_config_loads_real_ordered_handlers_for_every_java_strategy;easyexcel_writer::tests::parent_custom_dimension_handler_overrides_annotation_defaults,3afdea9d
easyexcel-support/src/main/java/com/alibaba/excel/support/Empty.java,easyexcel/src/support/empty.rs,easyexcel,empty,core,complete,easyexcel_core::empty::tests::root_and_support_empty_are_the_same_zero_sized_marker,3afdea9d
